ï»¿Notering,Titel,Artiest,Jaartal
1,Bohemian Rhapsody,Queen,1975
2,Piano Man,Billy Joel,1973
3,Hotel California,Eagles,1977
4,Fix You,Coldplay,2005
5,Roller Coaster,Danny Vera,2019
6,Black,Pearl Jam,1992
7,Stairway To Heaven,Led Zeppelin,1971
8,Avond,Boudewijn de Groot,1997
9,Radar Love (Albumversie),Golden Earring,1973
10,Wish You Were Here,Pink Floyd,1975
11,Nothing Else Matters (Albumversie),Metallica,1992
12,Brothers In Arms (Albumversie),Dire Straits,1985
13,Sultans Of Swing,Dire Straits,1978
14,Love Of My Life,Queen,1975
15,Comfortably Numb (Albumversie),Pink Floyd,1979
16,November Rain,Guns N' Roses,1992
17,God Only Knows,The Beach Boys,1966
18,Oceaan,Racoon,2012
19,Telegraph Road (Albumversie),Dire Straits,1982
20,Soldier On,DI-RECT,2020
21,A Forest (Albumversie),The Cure,1980
22,The Sound Of Silence,Disturbed,2016
23,Africa (Albumversie),Toto,1982
24,Child In Time (Albumversie),Deep Purple,1970
25,Shine On You Crazy Diamond (Pts. 1-5),Pink Floyd,1975
26,Go Your Own Way,Fleetwood Mac,1977
27,Master Of Puppets,Metallica,1986
28,Creep,Radiohead,1992
29,Over De Muur,Klein Orkest,1984
30,Thunderstruck,AC/DC,1990
31,The Chain,Fleetwood Mac,1977
32,One (Albumversie),Metallica,1994
33,Lichtje Branden,Suzan & Freek,2021
34,Purple Rain (Albumversie),Prince & The Revolution,1984
35,De Waarheid,Marco Borsato,1996
36,In The End,Linkin Park,2000
37,The River,Bruce Springsteen,1981
38,In The Air Tonight (Albumversie),Phil Collins,1981
39,Smells Like Teen Spirit,Nirvana,1991
40,Heroes (Albumversie),David Bowie,1976
41,Cold Little Heart (Albumversie),Michael Kiwanuka,2016
42,Dancing Queen,ABBA,1976
43,Viva La Vida,Coldplay,2008
44,Yellow,Coldplay,2000
45,Impossible (Orchestral Version Live at Abbey Road),Nothing But Thieves,2020
46,Just Breathe,Pearl Jam,2009
47,Dochters,Marco Borsato,2008
48,Het Dorp,Wim Sonneveld,1974
49,Paradise By The Dashboard Light (Albumversie),Meat Loaf,1978
50,Enter Sandman,Metallica,1991
51,Sweet Child O' Mine (Albumversie),Guns N' Roses,1987
52,Killing In The Name,Rage Against The Machine,1992
53,Rood,Marco Borsato,2006
54,Imagine,John Lennon,1971
55,Shallow,Lady Gaga & Bradley Cooper,2018
56,Fool's Overture,Supertramp,1977
57,Don't Stop Me Now,Queen,1979
58,Another Love,Tom Odell,2012
59,Iris,The Goo Goo Dolls,1999
60,The Sound Of Silence,Simon & Garfunkel,1966
61,Papa,Stef Bos,1991
62,Paranoid,Black Sabbath,1970
63,Het Regent Zonnestralen,Acda en De Munnik,1998
64,Lose Yourself,Eminem,2002
65,Let It Be,The Beatles,1970
66,Paint It Black,The Rolling Stones,1966
67,Lola Montez,Volbeat,2013
68,Zombie,The Cranberries,1994
69,Dreams,Fleetwood Mac,1977
70,Innuendo,Queen,1991
71,Who Wants To Live Forever,Queen,1986
72,Back To Black,Amy Winehouse,2007
73,School,Supertramp,1974
74,Hurt,Johnny Cash,2002
75,Mr. Brightside,The Killers,2005
76,The Scientist (Albumversie),Coldplay,2002
77,Iron Sky (Albumversie),Paolo Nutini,2014
78,The Show Must Go On,Queen,1991
79,Don't Stop Believin',Journey,1981
80,With Or Without You,U2,1987
81,Brabant,Guus Meeuwis,2003
82,Afscheid Nemen Bestaat Niet,Marco Borsato,2003
83,Bitter Sweet Symphony (Albumversie),The Verve,1997
84,Mr. Blue Sky,Electric Light Orchestra,1978
85,Old And Wise,The Alan Parsons Project,1982
86,Angels,Robbie Williams,1998
87,Blackbird,The Beatles,1968
88,Door De Wind,Miss Montreal,2020
89,Enjoy The Silence,Depeche Mode,1990
90,De Bestemming,Marco Borsato,1998
91,Clocks,Coldplay,2003
92,Gimme Shelter,The Rolling Stones,1969
93,Ik Leef Niet Meer Voor Jou,Marco Borsato,1996
94,Somebody To Love (Live),George Michael & Queen,1993
95,Running Up That Hill (Albumversie),Kate Bush,1985
96,One,U2,1992
97,Uprising,Muse,2009
98,Jolene,Dolly Parton,1974
99,Alive,Pearl Jam,1992
100,Bridge Over Troubled Water,Simon & Garfunkel,1970
101,Laat Me,Ramses Shaffy,1978
102,Angie,The Rolling Stones,1973
103,Wuthering Heights,Kate Bush,1978
104,Private Investigations (Albumversie),Dire Straits,1982
105,Another 45 Miles (Naked),Golden Earring,1992
106,Have You Ever Seen The Rain,Creedence Clearwater Revival,1971
107,Knights Of Cydonia (Albumversie),Muse,2006
108,Belfast Child,Simple Minds,1989
109,Don't Look Back In Anger,Oasis,1996
110,Die With A Smile,Lady Gaga & Bruno Mars,2024
111,Under The Bridge,Red Hot Chili Peppers,1991
112,Deutschland,Rammstein,2019
113,I Still Haven't Found What I'm Looking For,U2,1987
114,Pastorale,Liesbeth List & Ramses Shaffy,1969
115,Sonne,Rammstein,2001
116,Zij,Marco Borsato,2002
117,Sunday Bloody Sunday,U2,1985
118,Another Brick In The Wall,Pink Floyd,1979
119,Suspicious Minds,Elvis Presley,1969
120,Chasing Cars,Snow Patrol,2006
121,Sorry,Kensington,2016
122,Money For Nothing (Albumversie),Dire Straits,1985
123,When The Lady Smiles (Albumversie),Golden Earring,1984
124,Whole Lotta Rosie,AC/DC,1978
125,Losing My Religion,R.E.M.,1991
126,Under Pressure,Queen & David Bowie,1981
127,Margherita,Marco Borsato,1996
128,Troy,SinÃ©ad O'Connor,1987
129,Careless Whisper,George Michael,1984
130,Highway To Hell,AC/DC,1979
131,Du Hast,Rammstein,1997
132,Phantom Of The Opera,Floor Jansen & Henk Poort,2019
133,A Sky Full Of Stars,Coldplay & Avicii,2014
134,Tennessee Whiskey,Chris Stapleton,2015
135,Landslide,Fleetwood Mac,1975
136,Fortunate Son,Creedence Clearwater Revival,1969
137,Summer Of '69,Bryan Adams,1990
138,Kleine Jongen,AndrÃ© Hazes,1990
139,The Pretender,Foo Fighters,2007
140,Here Comes The Sun,The Beatles,1969
141,Wonderwall,Oasis,1995
142,Billie Jean,Michael Jackson,1983
143,A Whiter Shade Of Pale,Procol Harum,1967
144,Riders On The Storm (Albumversie),The Doors,1971
145,The Emptiness Machine,Linkin Park,2024
146,Sympathy For The Devil (Albumversie),The Rolling Stones,1973
147,Somewhere Only We Know,Keane,2004
148,Stil In Mij,Van Dik Hout,1994
149,Forever Young,Alphaville,1984
150,Chop Suey!,System Of A Down,2001
151,The Winner Takes It All,ABBA,1980
152,Mag Ik Dan Bij Jou,Claudia de Breij,2011
153,Atje Voor De Sfeer,RenÃ© Karst,2019
154,Fields Of Gold,Sting,1993
155,Ruthless Queen,Kayak,1979
156,Streets Of Philadelphia,Bruce Springsteen,1994
157,Fast Car,Tracy Chapman,1988
158,Nothing Compares 2 U,SinÃ©ad O'Connor,1990
159,Nobody's Wife,Anouk,1997
160,Twilight Zone (Albumversie),Golden Earring,1982
161,Into My Arms,Nick Cave & The Bad Seeds,1996
162,Numb,Linkin Park,2003
163,Multicolor,Son Mieux,2022
164,Foto Van Vroeger,Rob de Nijs,1980
165,Everywhere,Fleetwood Mac,1987
166,The House Of The Rising Sun,The Animals,1964
167,Gotta Catch 'Em All (Pokemon Theme Song),Jason Paige,1997
168,Sterrenstof,De Jeugd Van Tegenwoordig,2010
169,Thriller (Albumversie),Michael Jackson,1983
170,Fear Of The Dark (Live),Iron Maiden,1993
171,Earth Song,Michael Jackson,1995
172,Tears In Heaven,Eric Clapton,1992
173,Sign Of The Times,Harry Styles,2017
174,Insomnia (Albumversie),Faithless,1996
175,Islands In The Stream,Kenny Rogers & Dolly Parton,1983
176,Space Oddity (Albumversie),David Bowie,1969
177,Nights In White Satin,The Moody Blues,1968
178,(Sittin' On) The Dock Of The Bay,Otis Redding,1968
179,Lopen Tot De Zon Komt,Acda en De Munnik,1997
180,Terug In De Tijd,Yves Berendse,2024
181,Fragile,Sting,1988
182,Hoe Het Danst,"Marco Borsato, Armin van Buuren & Davina Michelle",2019
183,Tonight,Son Mieux,2023
184,She's Always A Woman,Billy Joel,1978
185,Dream On (Albumversie),Aerosmith,1973
186,Your Song,Elton John,1971
187,Killer Queen,Queen,1974
188,Silver Springs,Fleetwood Mac,1976
189,Oude Maasweg,The Amazing Stroopwafels,1982
190,Voila,Barbara Pravi,2021
191,Fade To Black,Metallica,1984
192,Little Lies,Fleetwood Mac,1987
193,Paradise City (Albumversie),Guns N' Roses,1989
194,Walk Of Life,Dire Straits,1985
195,Free Bird (Albumversie),Lynyrd Skynyrd,1974
196,Jeanny,Falco,1986
197,Every Breath You Take,The Police,1983
198,Karma Police,Radiohead,1997
199,"Bloed, Zweet En Tranen",AndrÃ© Hazes,2002
200,Echoes (Albumversie),Pink Floyd,1971
201,Rainbow In The Sky,DJ Paul Elstak,1995
202,Come As You Are,Nirvana,1991
203,Everybody Wants To Rule The World,Tears For Fears,1985
204,Californication,Red Hot Chili Peppers,1999
205,The Last Resort (Albumversie),Eagles,1976
206,Niemand In De Stad,De Dijk,1989
207,Where The Streets Have No Name (Albumversie),U2,1987
208,Yesterday,The Beatles,1965
209,Music,John Miles,1976
210,Goodnight Saigon,Billy Joel,1983
211,Linger,The Cranberries,1993
212,Zoutelande,BLÃ˜F ft. Geike,2017
213,Bed Of Roses (Albumversie),Bon Jovi,1993
214,Everlong,Foo Fighters,1997
215,Kronenburg Park,Frank Boeijen Groep,1985
216,Bad,U2,1984
217,Vienna,Billy Joel,1977
218,No More Tears,Ozzy Osbourne,1990
219,Wicked Game,Chris Isaak,1991
220,Goud,Suzan & Freek,2021
221,Sorry,Kyteman,2009
222,Iedereen Is Van De Wereld,The Scene,1991
223,Always Remember Us This Way,Lady Gaga,2019
224,Kayleigh,Marillion,1985
225,Street Spirit (Fade Out),Radiohead,1994
226,Ice Queen (Albumversie),Within Temptation,2001
227,Dancing In The Dark,Bruce Springsteen,1985
228,Sara (Albumversie),Fleetwood Mac,1980
229,Als Het Avond Is,Suzan & Freek,2018
230,My Immortal,Evanescence,2003
231,Time,Pink Floyd,1973
232,Hey Jude,The Beatles,1968
233,Sweet Caroline,Neil Diamond,1969
234,Perfect Day,Lou Reed,1972
235,Smoke On The Water (Albumversie),Deep Purple,1973
236,Wind Of Change,Scorpions,1991
237,Born Slippy,Underworld,1996
238,Voor Haar,Frans Halsema,1977
239,Born To Run,Bruce Springsteen,1975
240,Dansen Op De Vulkaan,De Dijk,1987
241,Whole Lotta Love (Albumversie),Led Zeppelin,1969
242,My Boy,Elvis Presley,1975
243,Don't You (Forget About Me),Simple Minds,1985
244,Uncharted,Kensington,2019
245,The Unforgiven (Albumversie),Metallica,1991
246,Saturday Night,Herman Brood & His Wild Romance,1978
247,Angel Of Death,Slayer,1986
248,Proud Mary,Ike & Tina Turner,1971
249,In The Ghetto,Elvis Presley,1969
250,Last Christmas,Wham!,1984
251,Bad Moon Rising,Creedence Clearwater Revival,1969
252,Zo Stil,BLÃ˜F,2012
253,She Sells Sanctuary,The Cult,1986
254,I Was Made For Lovin' You,Kiss,1979
255,Amsterdam,Nothing But Thieves,2017
256,Skyfall,Adele,2012
257,November,Rowwen HÃ¨ze,2000
258,Rolling In The Deep,Adele,2010
259,My Way,Frank Sinatra,1969
260,Three Little Birds,Bob Marley & The Wailers,1977
261,The Logical Song,Supertramp,1979
262,We Will Rock You,Queen,1977
263,Tijd Verliezen,Racoon,2021
264,Perfect,Ed Sheeran,2017
265,Overcome,Nothing But Thieves,2023
266,Lay All Your Love On Me,ABBA,1980
267,I Would Stay,Krezip,2000
268,Deurdonderen (Live),Normaal,1982
269,Video Games (Albumversie),Lana Del Rey,2011
270,All Too Well (10 Minute Version),Taylor Swift,2021
271,Set Fire To The Rain,Adele,2011
272,Banger Hart,Rob de Nijs,1996
273,These Are The Days Of Our Lives,Queen,1991
274,God Is A DJ,Faithless,1998
275,Lightning Crashes (Albumversie),Live,1995
276,Tougher Than The Rest,Bruce Springsteen,1987
277,Hallelujah,Leonard Cohen,1984
278,My Hometown,Bruce Springsteen,1986
279,Somebody To Love,Queen,1976
280,The Rose,Bette Midler,1980
281,Songbird,Fleetwood Mac,1977
282,The Unforgettable Fire,U2,1984
283,Love You More,Racoon,2005
284,Engel,Rammstein,1997
285,Blinding Lights,The Weeknd,2019
286,California Dreamin',The Mamas & The Papas,1966
287,De Bom,Doe Maar,1982
288,De Peel In Brand,Rowwen HÃ¨ze,2005
289,Someone Like You,Adele,2011
290,September,"Earth, Wind & Fire",1979
291,Kashmir,Led Zeppelin,1975
292,Op Fietse,Skik,1997
293,Als Ze Er Niet Is,De Dijk,1994
294,Man In The Mirror,Michael Jackson,1988
295,Black Hole Sun,Soundgarden,1994
296,Livin' On A Prayer,Bon Jovi,1986
297,Dust In The Wind,Kansas,1978
298,Take On Me,A-ha,1985
299,Haus Am See,Peter Fox,2009
300,Rocket Man,Elton John,1972
301,Jeremy,Pearl Jam,1991
302,Desperado,Eagles,1973
303,Romeo And Juliet (Albumversie),Dire Straits,1980
304,505,Arctic Monkeys,2007
305,Ghost Love Score (Live@Wacken 2013),Nightwish,2013
306,Liever Te Dik In De Kist Dan Weer Een Feestje Gemist,Stef Ekkel & RenÃ© Karst,2019
307,Another Day In Paradise,Phil Collins,1989
308,Ace Of Spades,Motorhead,1980
309,Vincent,Don McLean,1972
310,I'm Gonna Be (500 Miles),Proclaimers,1988
311,Messy,Lola Young,2024
312,Zeit,Rammstein,2022
313,Let It Happen (Albumversie),Tame Impala,2015
314,Society,Eddie Vedder,2007
315,Papillon,Editors,2009
316,Smalltown Boy,Bronski Beat,1984
317,The Man Who Sold The World (Unplugged),Nirvana,1994
318,Golden Brown,The Stranglers,1982
319,"Zing, Vecht, Huil, Bid, Lach, Werk En Bewonder",Ramses Shaffy,1971
320,While My Guitar Gently Weeps,The Beatles,1968
321,Tragedy,Bee Gees,1979
322,Oerend Hard,Normaal,1977
323,Sad Man's Tongue,Volbeat,2007
324,Exit Music (For A Film),Radiohead,1997
325,Do I Wanna Know?,Arctic Monkeys,2013
326,Boulevard Of Broken Dreams,Green Day,2004
327,More Than A Feeling (Albumversie),Boston,1976
328,Omarm,BLÃ˜F,2003
329,Birds Of A Feather,Billie Eilish,2024
330,One Of These Nights,Eagles,1975
331,Onderweg,Abel,2000
332,Run To The Hills,Iron Maiden,1982
333,Time In A Bottle,Jim Croce,1972
334,Zeg Me Dat Het Niet Zo Is,Frank Boeijen Groep,1990
335,Lose Control,Teddy Swims,2023
336,Mamma Mia,ABBA,1975
337,Psycho,Muse,2015
338,Whiskey In The Jar,Metallica,1998
339,(I Can't Get No) Satisfaction,The Rolling Stones,1965
340,Jesus To A Child,George Michael,1996
341,Through The Looking Glass,DI-RECT,2022
342,Ren Lenny Ren,Acda en De Munnik,2002
343,Atemlos Durch Die Nacht (Albumversie),Helene Fischer,2013
344,The Great Gig In The Sky,Pink Floyd,1972
345,No One Knows,Queens Of The Stone Age,2002
346,Paradise,Coldplay,2011
347,Du,Peter Maffay,1971
348,Blauw,The Scene,1991
349,The Man With The Child In His Eyes,Kate Bush,1978
350,Gimme Gimme Gimme,ABBA,1979
351,Champagne Supernova (Albumversie),Oasis,1996
352,Ne Me Quitte Pas,Jacques Brel,1959
353,Still Got The Blues (Albumversie),Gary Moore,1990
354,Zeg Maar Niets Meer,AndrÃ© Hazes,1982
355,Beautiful Things,Benson Boone,2024
356,99 Luftballons,Nena,1983
357,Crazy Train,Ozzy Osbourne,1980
358,Englishman In New York,Sting,1988
359,Bring Me To Life,Evanescence,2003
360,Barcelona,Freddie Mercury & Montserrat CaballÃ©,1987
361,The Boxer (Albumversie),Simon & Garfunkel,1969
362,Heart Of Gold,Neil Young,1972
363,Treur Niet (Ode Aan Het Leven),Diggy Dex ft. JW Roy,2015
364,Chiquitita,ABBA,1979
365,I'm Still Standing,Elton John,1983
366,Stan (Albumversie),Eminem & Dido,2000
367,Starman,David Bowie,1972
368,Mother Earth,Within Temptation,2002
369,Don't Give Up,Peter Gabriel & Kate Bush,1986
370,Het Werd Zomer,Rob de Nijs,1977
371,Don't Let The Sun Go Down On Me,George Michael & Elton John,1991
372,Lithium,Nirvana,1991
373,Une Belle Histoire,Michel Fugain,1972
374,Take Me To Church,Hozier,2014
375,Bat Out Of Hell (Albumversie),Meat Loaf,1977
376,Can't Help Falling In Love,Elvis Presley,1961
377,Born In The U.S.A.,Bruce Springsteen,1985
378,Welcome To The Jungle,Guns N' Roses,1987
379,Even Flow,Pearl Jam,1991
380,Against All Odds (Take A Look At Me Now),Phil Collins,1984
381,I'm On Fire,Bruce Springsteen,1985
382,Testament,Boudewijn de Groot,1967
383,She,Charles Aznavour,1974
384,Silent Lucidity,QueensrÃ¿che,1991
385,Everybody Hurts,R.E.M.,1993
386,One Day Like This (Albumversie),Elbow,2008
387,Good Vibrations,The Beach Boys,1966
388,Engelbewaarder,Marco Schuitmaker,2023
389,The Day Before You Came,ABBA,1982
390,Ring Of Fire,Johnny Cash,1963
391,Kan Je Me Zien,Bente,2025
392,When We Were Young,Adele,2015
393,La BohÃ¨me,Charles Aznavour,1966
394,Redemption Song,Bob Marley & The Wailers,1980
395,Paranoid Android,Radiohead,1997
396,Hold The Line,Toto,1979
397,Leave The Light On,Beth Hart,2004
398,Hurricane (Albumversie),Bob Dylan,1975
399,Worn Down Piano,Mark & Clark Band,1977
400,Niemand,Suzan & Freek,2025
401,'k Heb Je Lief,Paul de Leeuw,1997
402,Hallelujah (Albumversie),Jeff Buckley,1994
403,Going To The Run,Golden Earring,1991
404,Tears In The Morning,The Beach Boys,1970
405,Baba O'Riley,The Who,1971
406,Beautiful Day,U2,2000
407,All Along The Watchtower,Jimi Hendrix,1968
408,Formidable,Stromae,2013
409,Father Figure,George Michael,1988
410,One,Mary J. Blige & U2,2006
411,Sinds 1 Dag Of 2 (32 Jaar),Doe Maar,1981
412,There Is a Light That Never Goes Out,The Smiths,1986
413,Grijs,Jaap Reesema,2022
414,Kryptonite,3 Doors Down,2000
415,The Whole Of The Moon (Albumversie),The Waterboys,1986
416,Basket Case,Green Day,1994
417,I Put A Spell On You,Creedence Clearwater Revival,1972
418,Run,Snow Patrol,2004
419,Het Het Nog Nooit Zo Donker West,Ede Staal,1984
420,Noodgeval,Goldband,2021
421,Make You Feel My Love,Adele,2008
422,Graceland (Albumversie),Paul Simon,1986
423,Valerie,Mark Ronson ft. Amy Winehouse,2007
424,White Rabbit,Jefferson Airplane,1967
425,If I Can Dream,Elvis Presley,1968
426,Take It Easy,Eagles,1972
427,Eleanor Rigby,The Beatles,1966
428,Stayin' Alive,Bee Gees,1978
429,Empire State Of Mind,Jay-Z & Alicia Keys,2009
430,De Overkant,Suzan & Freek & Snelle,2020
431,Wake Me Up,Avicii ft. Aloe Blacc,2013
432,Sorry,Nothing But Thieves,2017
433,Old Man,Neil Young,1972
434,Is Dit Nou Later,Stef Bos,1990
435,Cloudbusting,Kate Bush,1985
436,I Want To Know What Love Is,Foreigner,1984
437,Stop Loving You,Toto,1988
438,Eye In The Sky (Albumversie),The Alan Parsons Project,1982
439,Zij Gelooft In Mij (2004),AndrÃ© Hazes,2004
440,Eagle (Albumversie),ABBA,1978
441,Verdronken Vlinder,Boudewijn de Groot,1966
442,New Year's Day,U2,1983
443,Life On Mars,David Bowie,1973
444,They Don't Care About Us,Michael Jackson,1996
445,De Vlieger,AndrÃ© Hazes,1977
446,Aan De Kust (Live),BLÃ˜F,1998
447,Strawberry Fields Forever,The Beatles,1967
448,The Load Out / Stay (Albumversie),Jackson Browne,1977
449,"Take Me Home, Country Roads",John Denver,1971
450,American Pie (Albumversie),Don McLean,1972
451,Levels,Avicii,2011
452,Het Is Al Laat Toch,Racoon,2020
453,Solsbury Hill,Peter Gabriel,1977
454,Thank You For The Music,ABBA,1978
455,Je Blik Richting Mij,Bankzitters,2022
456,A Different Corner,George Michael,1986
457,What Was I Made For?,Billie Eilish,2023
458,Knocking On Heaven's Door,Guns N' Roses,1992
459,Waterloo,ABBA,1974
460,Let Down,Radiohead,1997
461,Back In Black,AC/DC,1980
462,Mama (Albumversie),Genesis,1983
463,Someone You Loved,Lewis Capaldi,2019
464,Alive And Kicking,Simple Minds,1985
465,Just A Little Bit Of Peace In My Heart,Golden Earrings,1968
466,Alles Geprobeerd (Albumversie),Het Goede Doel,1986
467,Waterdicht,Hannah Mae,2023
468,Make It A Memory,Krezip & Danny Vera,2022
469,Sad But True,Metallica,1992
470,Vienna,Ultravox,1981
471,Alone,Heart,1987
472,No Surprises,Radiohead,1997
473,The Number Of The Beast,Iron Maiden,1982
474,Vivo Per Lei,Andrea Bocelli & Giorgia,1996
475,The Less I Know The Better,Tame Impala,2015
476,Long Blond Animal,Golden Earring,1980
477,Little Lion Man,Mumford & Sons,2010
478,Estranged (Albumversie),Guns N' Roses,1994
479,Poison,Alice Cooper,1989
480,De Kapitein Deel II,Acda en De Munnik,2000
481,I Feel Love,Donna Summer,1977
482,Rhiannon (Will You Ever Win),Fleetwood Mac,1976
483,We Are The Champions,Queen,1977
484,How Deep Is Your Love,Bee Gees,1977
485,De Echte Vent,Racoon,2020
486,BelgiÃ«,Het Goede Doel,1982
487,L'enfer,Stromae,2022
488,Smooth Criminal,Michael Jackson,1988
489,Window Of My Eyes,Cuby & The Blizzards,1968
490,Seventeen Going Under,Sam Fender,2021
491,Annie's Song,John Denver,1976
492,A Day In The Life,The Beatles,1967
493,Diamonds,The Boxer Rebellion,2013
494,Demons,Imagine Dragons,2014
495,Seven Nation Army,The White Stripes,2003
496,Feel Good Inc.,Gorillaz,2005
497,Bad Guy,Billie Eilish,2019
498,American Idiot,Green Day,2004
499,Otherside,Red Hot Chili Peppers,1999
500,Toen Ik Je Zag,Hero,1997
501,Would,Alice In Chains,1992
502,Beat It,Michael Jackson,1983
503,Let's Dance,David Bowie,1983
504,Always On My Mind,Elvis Presley,1972
505,Radio Ga Ga,Queen,1984
506,Why Tell Me Why,Anita Meyer,1981
507,Sugardaddy,Roxy Dekker,2024
508,Me And Bobby McGee,Janis Joplin,1971
509,Better Days,Dermot Kennedy,2021
510,A Horse With No Name,America,1972
511,Holiday In Spain,BLÃ˜F & Counting Crows,2004
512,High Hopes,Pink Floyd,1994
513,Belle HÃ©lÃ¨ne,Doe Maar,1982
514,Feel (Albumversie),Robbie Williams,2002
515,Breaking The Habit,Linkin Park,2004
516,It's My Life,Bon Jovi,2000
517,Plug In Baby,Muse,2001
518,Still Loving You,Scorpions,1987
519,Circle Of Life,Elton John,1994
520,I'm Not In Love (Albumversie),10cc,1975
521,Colors,Black Pumas,2019
522,Dat Heb Jij Gedaan,Meau,2021
523,Believer,Imagine Dragons,2017
524,Europapa (Albumversie),Joost,2024
525,Kom Terug,Spinvis,2012
526,No Woman No Cry (Live),Bob Marley & The Wailers,1975
527,Ain't No Sunshine,Bill Withers,1971
528,How My Heart Was Won,DI-RECT,2023
529,Sweet Dreams (Are Made Of This),Eurythmics,1983
530,Scar Tissue,Red Hot Chili Peppers,1999
531,Gangsta's Paradise,Coolio,1995
532,La Grange,ZZ Top,1973
533,Blauwe Dag,Suzan & Freek,2019
534,Who'll Stop The Rain,Creedence Clearwater Revival,1970
535,Somebody That I Used To Know,Gotye ft. Kimbra,2011
536,Total Eclipse Of The Heart,Bonnie Tyler,1983
537,Voulez-Vous,ABBA,1979
538,Don't Dream It's Over,Crowded House,1987
539,Strong,London Grammar,2014
540,Harder Dan Ik Hebben Kan,BLÃ˜F,1999
541,Starlight,Muse,2006
542,Supermassive Black Hole,Muse,2006
543,One More Light,Linkin Park,2016
544,Penny Lane,The Beatles,1967
545,Hello,Adele,2015
546,Wake Me Up When September Ends,Green Day,2005
547,Take Me Out,Franz Ferdinand,2003
548,Binnen Zonder Kloppen,De Dijk,1985
549,Major Tom (VÃ¶llig LosgelÃ¶st),Peter Schilling,1983
550,Smoorverliefd,Doe Maar,1981
551,Wrong,Novastar,1999
552,I Will Follow (Live),U2,1982
553,Narcotic,Liquido,1998
554,"Good Luck, Babe!",Chappell Roan,2024
555,Liefs Uit Londen,BLÃ˜F,1998
556,Malle Babbe,Rob de Nijs,1975
557,Money (Albumversie),Pink Floyd,1973
558,Dansen Aan Zee,BLÃ˜F,2000
559,Layla (Unplugged),Eric Clapton,1992
560,Welterusten Mijnheer De President,Boudewijn de Groot,1966
561,Trapped (Live),Bruce Springsteen,1985
562,Laat Me/Vivre,Alderliefste & Ramses Shaffy & Liesbeth List,2005
563,Radioactive,Imagine Dragons,2012
564,Thinking Of A Place (Albumversie),The War On Drugs,2017
565,Can't Stop,Red Hot Chili Peppers,2002
566,The Cave,Mumford & Sons,2010
567,Ik Wil Dansen,Froukje,2021
568,Freak On A Leash,Korn,1998
569,Down Under,Men At Work,1982
570,Limburg (Live),Rowwen HÃ¨ze,1996
571,Under The Pressure (Albumversie),The War On Drugs,2014
572,Does Your Mother Know?,ABBA,1979
573,Shape Of My Heart,Sting,1993
574,De Vondeling Van Ameland,Boudewijn de Groot,2004
575,Wasted Years,Iron Maiden,1986
576,Blue Monday (Albumversie),New Order,1983
577,The End (Albumversie),The Doors,1967
578,Heaven,Bryan Adams,1985
579,Without Me,Eminem,2002
580,Geef Mij Je Angst,Guus Meeuwis,2005
581,Happy New Year,ABBA,1980
582,Rockin' In The Free World,Neil Young,1989
583,Teardrop,Massive Attack,1998
584,Welcome To The Black Parade,My Chemical Romance,2006
585,Dirty Diana,Michael Jackson,1987
586,Where Did You Sleep Last Night (Unplugged),Nirvana,1994
587,Woman In Chains (Albumversie),Tears For Fears,1989
588,Something,The Beatles,1969
589,I Want To Break Free,Queen,1984
590,Wat Zou Je Doen?,BLÃ˜F,1998
591,Fantasy,"Earth, Wind & Fire",1978
592,Snow (Hey Oh),Red Hot Chili Peppers,2006
593,The Trooper,Iron Maiden,1983
594,Time To Give,White Lies,2018
595,Year Of The Cat (Albumversie),Al Stewart,1977
596,Kiss From A Rose,Seal,1995
597,Holding Back The Years,Simply Red,1985
598,Unfinished Sympathy,Massive Attack,1991
599,Sex On Fire,Kings Of Leon,2008
600,You'll Be In My Heart,Phil Collins,1999
601,You Shook Me All Night Long,AC/DC,1980
602,The Power Of Love,Frankie Goes To Hollywood,1984
603,Respect,Aretha Franklin,1967
604,She,Elvis Costello,1999
605,The Final Countdown,Europe,1986
606,Hey You,Pink Floyd,1979
607,Changes,2Pac,1998
608,Joan Of Arc (Maid Of Orleans),Orchestral Manoeuvres In The Dark,1982
609,Psycho Killer,Talking Heads,1978
610,Immigrant Song,Led Zeppelin,1971
611,Your Latest Trick,Dire Straits,1985
612,Geef Mij Je Angst,AndrÃ© Hazes,1983
613,Message In A Bottle,The Police,1979
614,Iron Man (Albumversie),Black Sabbath,1970
615,Russians,Sting,1985
616,Tribute,Tenacious D,2003
617,Hometown Glory (Albumversie),Adele,2009
618,Stapelgek,Bankzitters,2021
619,Hier Kom Ik Weg,DaniÃ«l Lohues,2008
620,Smokers Outside The Hospital Doors,Editors,2007
621,As It Was,Harry Styles,2022
622,Cupido,Bankzitters,2023
623,Lost,Anouk,2005
624,Come Together,The Beatles,1969
625,Ordinary World,Duran Duran,1993
626,This Is The Life,Amy MacDonald,2008
627,Dat Komt Door Jou,Guus Meeuwis,2009
628,Learn To Fly,Foo Fighters,1999
629,Fairytale Of New York,The Pogues & Kirsty Maccoll,1987
630,Lea,The Cats,1968
631,You Can't Always Get What You Want (Albumversie),The Rolling Stones,1969
632,Love Will Tear Us Apart,Joy Division,1980
633,Roxanne,The Police,1979
634,Overcome,Live,2001
635,Fake Plastic Trees,Radiohead,1995
636,Cowboys And Angels (Albumversie),George Michael,1991
637,Hey Brother,Avicii,2013
638,Conquest Of Paradise,Vangelis,1995
639,With A Little Help From My Friends,Joe Cocker,1968
640,Brown Eyed Girl,Van Morrison,1967
641,The Best,Tina Turner,1989
642,Patience,Guns N' Roses,1989
643,Us And Them (Albumversie),Pink Floyd,1973
644,Zij Maakt Het Verschil,De Poema's,2001
645,L.A. Woman,The Doors,1971
646,I Am...I Said,Neil Diamond,1971
647,Badlands,Bruce Springsteen,1978
648,Onderuit,De Dijk,1987
649,Like A Prayer,Madonna,1989
650,I Will Wait,Mumford & Sons,2012
651,Ã‰lan (Albumversie),Nightwish,2015
652,Never Tear Us Apart,INXS,1988
653,Baker Street (Albumversie),Gerry Rafferty,1978
654,Private Dancer,Tina Turner,1984
655,Halt Mich,Herbert GrÃ¶nemeyer,1988
656,Chan Chan,Buena Vista Social Club,1997
657,Friday I'm In Love,The Cure,1992
658,Driving Home For Christmas,Chris Rea,1986
659,One Of Us,ABBA,1981
660,Layla (Albumversie),Derek & The Dominos,1971
661,Mutter,Rammstein,2001
662,Don't Fear The Reaper,Blue Ã–yster Cult,1976
663,Take A Chance On Me,ABBA,1977
664,Niet Of Nooit Geweest,Acda en De Munnik,1998
665,De Verzoening,Frank Boeijen Groep,1987
666,Lullaby,The Cure,1989
667,Waterfront,Simple Minds,1983
668,The Boys Of Summer,Don Henley,1985
669,Happier Than Ever,Billie Eilish,2021
670,Always (Albumversie),Bon Jovi,1994
671,Boys Don't Cry,The Cure,1986
672,Witch Doctor,De Staat,2014
673,Take The Long Way Home (Albumversie),Supertramp,1979
674,Hald Mich 's Vas,Neet OÃ©t Lottum,2004
675,Rosanna (Albumversie),Toto,1982
676,Song 2,Blur,1997
677,Tusk,Fleetwood Mac,1979
678,Heal The World,Michael Jackson,1992
679,Zonder Jou,Paul de Leeuw & Simone Kleinsma,1995
680,When Doves Cry (Albumversie),Prince & The Revolution,1984
681,Unwritten,Natasha Bedingfield,2004
682,Such A Shame,Talk Talk,1984
683,Self Esteem,The Offspring,1995
684,I'd Do Anything For Love (But I Won't Do That),Meat Loaf,1993
685,Papaoutai,Stromae,2013
686,Leningrad,Billy Joel,1989
687,Gaia,Valensia,1993
688,Numb/Encore,Linkin Park & Jay-Z,2004
689,Faith,George Michael,1987
690,Slippery People (Live),Talking Heads,1985
691,Wild Horses,The Rolling Stones,1971
692,Dreamer,Supertramp,1974
693,Smooth Operator (Albumversie),Sade,1984
694,The Fate Of Ophelia,Taylor Swift,2025
695,Porcelain,Moby,1999
696,Crazy Little Thing Called Love,Queen,1979
697,Can I Play With Madness,Iron Maiden,1988
698,Dog Days Are Over,Florence + The Machine,2009
699,Wonderful Tonight,Eric Clapton,1977
700,Halo Of Flies,Alice Cooper,1973
701,Fields Of Gold,Eva Cassidy,1996
702,Strange Machines (Albumversie),The Gathering,1996
703,Ironic,Alanis Morissette,1996
704,Folsom Prison Blues (Live),Johnny Cash,1968
705,Good Riddance (Time Of Your Life),Green Day,1997
706,You'll Never Walk Alone,Gerry & The Pacemakers,1963
707,Sign 'O' The Times (Albumversie),Prince,1987
708,Don't Stop,Fleetwood Mac,1977
709,The Door,Teddy Swims,2023
710,Jigsaw Falling Into Place,Radiohead,2007
711,Groot Hart,De Dijk,1985
712,In Your Arms,Chef'Special,2014
713,"Vrijheid, Gelijkheid, Zusterschap",Sophie Straat,2023
714,"Lover, You Should've Come Over",Jeff Buckley,1994
715,Pride (In The Name Of Love),U2,1984
716,Jump,Van Halen,1984
717,Thunder Road,Bruce Springsteen,1975
718,Morgen Wordt Fantastisch,Acda en De Munnik,2023
719,Little Black Submarines,The Black Keys,2011
720,Firth Of Fifth,Genesis,1973
721,I Walk The Line,Johnny Cash,1957
722,All Of Me,John Legend,2013
723,Drops Of Jupiter (Tell Me),Train,2001
724,I Have A Dream,ABBA,1979
725,Suzanne,Leonard Cohen,1968
726,Time To Say Goodbye,Andrea Bocelli & Sarah Brightman,1997
727,Mag Het Licht Uit,De Dijk,1987
728,What's Going On,Marvin Gaye,1971
729,Sweet Goodbyes,Krezip,2009
730,Tunnel Of Love (Albumversie),Dire Straits,1980
731,Nightswimming,R.E.M.,1992
732,Iederene Hef Een Reden,BÃ¶kkers,2016
733,Wonderfull Days,Charly Lownoise & Mental Theo,1995
734,A Gentleman's Excuse Me,Fish,1990
735,One Way Wind,The Cats,1971
736,She Flies On Strange Wings,Golden Earring,1971
737,Leaving On A Jet Plane,John Denver,1969
738,Light My Fire (Albumversie),The Doors,1967
739,Lady Writer,Dire Straits,1979
740,What's Up,4 Non Blondes,1993
741,Anti-Hero,Taylor Swift,2022
742,Nao 't Zuuje,Lex Uiting,2017
743,Both Sides Now,Joni Mitchell,1968
744,On Every Street,Dire Straits,1991
745,In My Life,The Beatles,1965
746,I Will Always Love You,Whitney Houston,1992
747,Like A Hurricane (Albumversie),Neil Young,1977
748,Espresso,Sabrina Carpenter,2024
749,A Kind Of Magic,Queen,1986
750,(Everything I Do) I Do It For You,Bryan Adams,1991
751,Dreadlock Holiday,10cc,1978
752,Once Upon A Time In The West,Ennio Morricone,1976
753,Hells Bells,AC/DC,1980
754,What It Is,Mark Knopfler,2000
755,State Of Independence,Donna Summer,1982
756,I Alone,Live,1995
757,Like The Way I Do,Melissa Etheridge,1989
758,Super Trouper,ABBA,1980
759,Is Dat Nou Echt?,Bankzitters,2022
760,Der Weg,Herbert GrÃ¶nemeyer,2002
761,1999,Prince,1982
762,You,Ten Sharp,1991
763,"Knowing Me, Knowing You",ABBA,1977
764,Freedom! '90,George Michael,1990
765,Dreams,The Cranberries,1993
766,Is Dit Alles,Doe Maar,1982
767,In Nije Dei,De Kast,1997
768,Flowers,Miley Cyrus,2023
769,Slow Dancing In A Burning Room,John Mayer,2006
770,De Neus Umhoeg,Rowwen HÃ¨ze,1995
771,Mrs. Robinson,Simon & Garfunkel,1968
772,Stiekem,Maan x Goldband,2022
773,Amigo,Chef'Special,2016
774,Nikita,Elton John,1985
775,Clint Eastwood,Gorillaz,2001
776,Bliss,Muse,2001
777,Rain Down On Me,Kane,2002
778,One Step Closer,Linkin Park,2000
779,Where Is My Husband!,RAYE,2025
780,Hou Vol Hou Vast,BLÃ˜F,2011
781,Superstition,Stevie Wonder,1973
782,Shape Of You,Ed Sheeran,2017
783,Auto Vliegtuug,Rowwen HÃ¨ze,1999
784,Story Of My Life,One Direction,2013
785,Harvest Moon,Neil Young,1991
786,Memories,Maroon 5,2019
787,Let Me Entertain You,Robbie Williams,1998
788,Jimmy,Boudewijn de Groot,1973
789,Gold (Albumversie),Spandau Ballet,1983
790,Stiekem Gedanst,Toontje Lager,1983
791,Una Mattina,Ludovico Einaudi,2004
792,Born This Way,Lady Gaga,2011
793,Lavender,Marillion,1985
794,Mijn Houten Hart,De Poema's,1999
795,I See Fire (Albumversie),Ed Sheeran,2014
796,Heart-Shaped Box,Nirvana,1993
797,Bloedend Hart,De Dijk,1982
798,Where Is My Mind,Pixies,1988
799,9 To 5,Dolly Parton,1981
800,Tubular Bells (Part 1 Albumversie),Mike Oldfield,1974
801,Live Forever,Oasis,1994
802,I Will Always Love You,Dolly Parton,1983
803,More Than A Woman,Bee Gees,1977
804,The Man Who Can't Be Moved,The Script,2008
805,Another One Bites The Dust,Queen,1980
806,Stressed Out,Twenty One Pilots,2016
807,Behind Blue Eyes,Limp Bizkit,2004
808,Christmas Lights,Coldplay,2010
809,Not An Addict,K's Choice,1996
810,I Say A Little Prayer,Aretha Franklin,1968
811,Ik Leef Mijn Eigen Leven,AndrÃ© Hazes,1994
812,Burning Love,Elvis Presley,1972
813,Liefde Van Later,Herman van Veen,1969
814,Musica E (Albumversie),Eros Ramazzotti,1989
815,Ordinary,Alex Warren,2025
816,Jersey Girl (Live),Bruce Springsteen,1986
817,Through The Barricades,Spandau Ballet,1986
818,The Real Slim Shady,Eminem,2000
819,Everything I Wanted,Billie Eilish,2019
820,Als Het Vuur Gedoofd Is,Acda en De Munnik,1997
821,"Non, Je Ne Regrette Rien",Ã‰dith Piaf,1961
822,Let There Be Rock,AC/DC,1977
823,Albatross,Fleetwood Mac,1969
824,Runnin' With The Devil,Van Halen,1978
825,What I've Done,Linkin Park,2007
826,Tonight (Live),Tina Turner & David Bowie,1988
827,Samba Pa Ti,Santana,1970
828,Het Is Een Nacht (Levensecht),Guus Meeuwis & Vagant,1995
829,The Turn Of A Friendly Card,The Alan Parsons Project,1980
830,Sloop John B,The Beach Boys,1966
831,Goodbye Yellow Brick Road,Elton John,1973
832,BloemkÃ´le,OÃ´s JoÃ´s,2015
833,Red Red Wine,UB40,1983
834,Man I Need,Olivia Dean,2025
835,It's All Coming Back To Me,CÃ©line Dion,1996
836,In The Dutch Mountains,Nits,1987
837,Sovereign Light Cafe,Keane,2012
838,Shake It Off (Taylor's Version),Taylor Swift,2014
839,Glory Box,Portishead,1994
840,Zelfs Je Naam Is Mooi,Henk Westbroek,1998
841,She's Not There (Albumversie),Santana,1977
842,Whatever You Want,Status Quo,1979
843,Arcade,Duncan Laurence,2019
844,Watskeburt?!,De Jeugd Van Tegenwoordig,2005
845,Lola (Live),The Kinks,1980
846,Fernando,ABBA,1975
847,I Don't Want To Miss A Thing (Albumversie),Aerosmith,1997
848,Tranen Gelachen,Guus Meeuwis,2007
849,Prachtig Mooie Dag,DaniÃ«l Lohues,2011
850,Try,P!nk,2012
851,Arriving Somewhere But Not Here,Porcupine Tree,2005
852,Let Her Go,Passenger,2012
853,Everglow (Albumversie),Coldplay,2015
854,Don't Cry,Guns N' Roses,1991
855,Hocus Pocus,Focus,1971
856,Stick Season,Noah Kahan,2023
857,Owner Of A Lonely Heart,Yes,1983
858,Firestarter,The Prodigy,1996
859,MacArthur Park,Donna Summer,1978
860,How You Remind Me,Nickelback,2001
861,Streets,Kensington,2014
862,Glory Days,Bruce Springsteen,1985
863,What A Wonderful World,Louis Armstrong,1968
864,New Gold Dream (81-82-83-84),Simple Minds,1982
865,I Bet You Look Good On The Dancefloor,Arctic Monkeys,2005
866,Morning Has Broken,Cat Stevens,1972
867,Where The Wild Roses Grow,Nick Cave & Kylie Minogue,1995
868,One Step Beyond,Madness,1979
869,Titanium,David Guetta & Sia,2011
870,Bad Romance,Lady Gaga,2009
871,War,Kensington,2014
872,'T Is Weer Voorbij Die Mooie Zomer,Gerard Cox,1973
873,Run To You,Bryan Adams,1984
874,Walk,Foo Fighters,2011
875,Father And Son,Cat Stevens,1971
876,Winter,Tori Amos,1992
877,Come On Eileen (Albumversie),Dexys Midnight Runners,1982
878,Lemon Tree,Fools Garden,1996
879,Daughters,John Mayer,2005
880,Stand My Ground,Within Temptation,2004
881,Massachusetts,Bee Gees,1967
882,Roll Over Lay Down (Live),Status Quo,1975
883,Our House,"Crosby, Stills, Nash & Young",1970
884,Oya LÃ©lÃ©,K3,2003
885,Someone Somewhere In Summertime,Simple Minds,1982
886,Uptown Funk,Mark Ronson ft. Bruno Mars,2014
887,Jungleland,Bruce Springsteen,1975
888,Tears Dry On Their Own,Amy Winehouse,2007
889,You're My Best Friend,Queen,1976
890,Unintended,Muse,2009
891,Hammer To Fall (Albumversie),Queen,1984
892,Easy Lover,Phil Collins & Philip Bailey,1985
893,Home,Dotan,2014
894,Luv U More,DJ Paul Elstak,1995
895,Zwart Wit,Frank Boeijen Groep,1984
896,Nothing Rhymed,Gilbert O'Sullivan,1971
897,Ik Kan Het Niet Alleen,De Dijk,1989
898,Love Story (Taylor's Version),Taylor Swift,2021
899,Taste,Sabrina Carpenter,2024
900,Texas Sun,Khruangbin & Leon Bridges,2019
901,Only Time,Enya,2000
902,Knockin' On Heaven's Door,Bob Dylan,1973
903,Easy Livin',Uriah Heep,1973
904,Once In A Lifetime,Talking Heads,1981
905,How Do I Say Goodbye,Dean Lewis,2022
906,Rehab,Amy Winehouse,2006
907,What About Us,P!nk,2017
908,Sweet Home Alabama,Lynyrd Skynyrd,1974
909,Crime Of The Century,Supertramp,1974
910,Dromen In Kleur,Suzan & Freek,2021
911,Unchained Melody,Righteous Brothers,1965
912,Civil War,Guns N' Roses,1990
913,Children,Robert Miles,1996
914,Goodbye Stranger (Albumversie),Supertramp,1979
915,You're So Vain,Carly Simon,1973
916,Wild Is The Wind,David Bowie,1976
917,Don't Give Up The Fight,Racoon,2011
918,Follow You Follow Me,Genesis,1978
919,Bigmouth Strikes Again,The Smiths,1986
920,Sometimes It Snows In April,Prince & The Revolution,1986
921,Guaranteed,Eddie Vedder,2007
922,Hold Me Now,Golden Earring,1994
923,Chandelier,Sia,2013
924,Waitin' On A Sunny Day,Bruce Springsteen,2003
925,River Deep Mountain High,Ike & Tina Turner,1966
926,Moonlight Shadow,Mike Oldfield & Maggie Reilly,1983
927,The Loneliest,MÃ¥neskin,2022
928,Zandloper,Typhoon,2014
929,Sabotage,Beastie Boys,1994
930,Time Is Running Out,Muse,2003
931,De Stad Amsterdam,Acda en De Munnik,1997
932,This Is What It Feels Like,Armin van Buuren ft. Trevor Guthrie,2013
933,Hee Joh Jip,Racoon,2021
934,Have I Told You Lately,Van Morrison,1989
935,That's Life,Frank Sinatra,1966
936,Orinoco Flow (Sail Away),Enya,1988
937,Go With The Flow,Queens Of The Stone Age,2003
938,Like A Rolling Stone (Albumversie),Bob Dylan,1965
939,Pompeii,Bastille,2013
940,The Eve Of The War (Albumversie),Jeff Wayne & Justin Hayward,1978
941,Bright Eyes,Art Garfunkel,1979
942,Tinseltown In The Rain,The Blue Nile,1984
943,The Family Tree,Venice,1999
944,S.O.S.,ABBA,1975
945,Thunder,Imagine Dragons,2017
946,Sebastian (Albumversie),Cockney Rebel,1973
947,Night Changes,One Direction,2014
948,Red Eyes,The War On Drugs,2013
949,I Gotta Feeling,The Black Eyed Peas,2009
950,Als Ik God Was,Froukje,2023
951,The Weight,The Band,1968
952,Faster,Within Temptation,2011
953,Shout,Tears For Fears,1985
954,Weak,Skunk Anansie,1995
955,Beautiful Noise,Neil Diamond,1976
956,The Way You Make Me Feel,Michael Jackson,1987
957,I Will Survive,Gloria Gaynor,1979
958,Before You Go,Lewis Capaldi,2019
959,Land Of Confusion,Genesis,1986
960,A Boy Named Sue (Live),Johnny Cash,1969
961,Duurt Te Lang,Davina Michelle,2018
962,Con Te Partiro,Andrea Bocelli,1996
963,In The Modern World,Fontaines D.C.,2024
964,Blowin' In The Wind,Bob Dylan,1963
965,Barracuda,Heart,1977
966,My Way,Herman Brood,2001
967,Als Het Golft,De Dijk,2000
968,Eye Of The Tiger,Survivor,1982
969,L'amour Toujours,Gigi D'agostino,2001
970,(You Make Me Feel Like A) Natural Woman,Aretha Franklin,1967
971,Alors On Danse,Stromae,2010
972,Here I Go Again,Whitesnake,1987
973,Papa Was A Rolling Stone (Albumversie),The Temptations,1972
974,Bad Dreams,Teddy Swims,2024
975,Smack My Bitch Up,The Prodigy,1997
976,Scenes From An Italian Restaurant,Billy Joel,1977
977,Sailing,Rod Stewart,1975
978,You Oughta Know,Alanis Morissette,1996
979,Human Nature,Michael Jackson,1983
980,Ze Huilt Maar Ze Lacht,Maan,2019
981,The Unforgiven II (Albumversie),Metallica,1997
982,I Just Can't Help Believin',Elvis Presley,1971
983,Liverpool Rain,Racoon,2012
984,Wannabe,Spice Girls,1996
985,Rosie,Claw Boys Claw,1992
986,Vlinder,Rowwen HÃ¨ze,2003
987,Baby Can I Hold You,Tracy Chapman,1988
988,Personal Jesus,Depeche Mode,1990
989,Dark Necessities,Red Hot Chili Peppers,2016
990,Love Like Blood,Killing Joke,1985
991,Plush,Stone Temple Pilots,1993
992,Don't Speak,No Doubt,1996
993,Dani California,Red Hot Chili Peppers,2006
994,Human,Rag'n'Bone Man,2016
995,Disarm,Smashing Pumpkins,1993
996,Slapeloze Nachten,The Opposites,2013
997,1979,Smashing Pumpkins,1996
998,Een Teken,Froukje,2021
999,Niet Voor Het Laatst,Rob de Nijs,2017
1000,Tiny Dancer,Elton John,1971
1001,The Passenger,Iggy Pop,1976
1002,So Long,Fischer-Z,1980
1003,Give A Little Bit,Supertramp,1977
1004,Cardigan,Taylor Swift,2020
1005,Diamonds On The Soles Of Her Shoes (Albumversie),Paul Simon,1986
1006,'n Beetje Verliefd,AndrÃ© Hazes,1981
1007,Be My Number Two,Joe Jackson,1984
1008,Carry You Home,Alex Warren,2024
1009,Go Like Elijah,Chi Coltrane,1973
1010,August,Taylor Swift,2020
1011,Leef,AndrÃ© Hazes Jr.,2016
1012,Birds,Anouk,2013
1013,The Rising,Bruce Springsteen,2002
1014,She's A Rainbow,The Rolling Stones,1967
1015,Still D.R.E.,Dr. Dre ft. Snoop Dogg,2001
1016,You Want It Darker,Leonard Cohen,2016
1017,Poker Face,Lady Gaga,2009
1018,Words,Bee Gees,1968
1019,Breathe (In The Air),Pink Floyd,1973
1020,Night Fever,Bee Gees,1978
1021,Tainted Love,Soft Cell,1981
1022,Hey Joe,Jimi Hendrix,1967
1023,Going To A Town,Rufus Wainwright,2007
1024,The Long And Winding Road,The Beatles,1970
1025,Times Are Changing,DI-RECT,2009
1026,California Love,2Pac ft. Dr. Dre,1996
1027,My Hero (Live),Foo Fighters,2006
1028,Zaterdag,BLÃ˜F,1999
1029,Praying For Time,George Michael,1990
1030,I Want It That Way,Backstreet Boys,1999
1031,Cruel Summer,Taylor Swift,2023
1032,Leave The Door Open,Silk Sonic (Bruno Mars & Anderson .Paak),2021
1033,Candle In The Wind 1997,Elton John,1997
1034,Halo,BeyoncÃ©,2009
1035,All I Want For Christmas Is You,Mariah Carey,1994
1036,9 Crimes,Damien Rice,2006
1037,Storm And Thunder,Earth & Fire,1971
1038,Running To Stand Still,U2,1987
1039,Human,The Killers,2008
1040,Lyin' Eyes,Eagles,1975
1041,Never Be Clever,Herman Brood & His Wild Romance,1979
1042,Real Men,Joe Jackson,1982
1043,Every Little Thing She Does Is Magic,The Police,1981
1044,Ben,Michael Jackson,1972
1045,Man On The Moon (Albumversie),R.E.M.,1992
1046,Gravity,John Mayer,2006
1047,Photograph (Albumversie),Ed Sheeran,2015
1048,Uninvited,Alanis Morissette,1999
1049,Killer/Papa Was A Rollin' Stone (Live),George Michael,1993
1050,Mooie Dag,BLÃ˜F,2002
1051,Is She Really Going Out With Him? (Live),Joe Jackson,1988
1052,Breakthru,Queen,1989
1053,Castle On The Hill,Ed Sheeran,2017
1054,China Girl,David Bowie,1983
1055,White Room,Cream,1968
1056,Alles Wat Ademt,Rob de Nijs,1985
1057,Suzie Q (Part 1),Creedence Clearwater Revival,1968
1058,You Can Call Me Al,Paul Simon,1986
1059,Lippy Kids (Albumversie),Elbow,2011
1060,Army Dreamers,Kate Bush,1980
1061,I Wanna Dance With Somebody (Who Loves Me),Whitney Houston,1987
1062,That's So True,Gracie Abrams,2024
1063,Radio,Rammstein,2019
1064,It's My Life,Talk Talk,1984
1065,At Last,Etta James,1960
1066,All I Need,Air,1998
1067,When The Sun Goes Down,Arctic Monkeys,2006
1068,"Comptine D'un Autre Ete, L'Apres Midi (Amelie)",Yann Tiersen,2001
1069,Pa,Doe Maar,1983
1070,Dat Ik Je Mis,Maaike Ouboter,2013
1071,Black Betty (Albumversie),Ram Jam,1978
1072,De Zon Op,Diggy Dex,2018
1073,Hilversum 3,Herman van Veen,1984
1074,On Melancholy Hill,Gorillaz,2010
1075,Where Is The Love,The Black Eyed Peas,2003
1076,You Know I'm No Good,Amy Winehouse,2007
1077,Follow The Sun,Xavier Rudd,2015
1078,Get Back,The Beatles,1969
1079,Woman In Love,Barbra Streisand,1980
1080,Love And Hate (Albumversie),Michael Kiwanuka,2016
1081,Mushanga,Toto,1988
1082,Nederwiet (Albumversie),Doe Maar,1983
1083,Down Down,Status Quo,1975
1084,Jesus He Knows Me,Genesis,1992
1085,True Colors,Cyndi Lauper,1986
1086,Ode To My Family,The Cranberries,1994
1087,Les Lacs Du Connemara,Michel Sardou,1982
1088,"Anyplace, Anywhere, Anytime",Nena & Kim Wilde,2003
1089,Send Me An Angel,Scorpions,1991
1090,De Diepte,S10,2022
1091,Drivers License,Olivia Rodrigo,2021
1092,All I Ask,Adele,2015
1093,Adagio For Strings,TiÃ«sto,2005
1094,Big In Japan,Alphaville,1984
1095,New Kid In Town,Eagles,1977
1096,'39,Queen,1975
1097,Million Years Ago,Adele,2016
1098,Rooster (Albumversie),Alice In Chains,1992
1099,Michel,Anouk,2000
1100,Fool To Cry,The Rolling Stones,1976
1101,Ruby Tuesday,The Rolling Stones,1967
1102,Resistance (Albumversie),Muse,2009
1103,Venus,Shocking Blue,1969
1104,Listen To Your Heart  (Albumversie),Roxette,1989
1105,Stars,Simply Red,1991
1106,Four Seasons In One Day,Crowded House,1992
1107,Eyes Without A Face,Billy Idol,1984
1108,Easy On Me,Adele,2021
1109,The Lady In Red,Chris De Burgh,1986
1110,Daar Gaat Ze,Clouseau,1990
1111,Kids,MGMT,2007
1112,When The Party's Over,Billie Eilish,2018
1113,Avalon,Roxy Music,1982
1114,You Give Love A Bad Name,Bon Jovi,1986
1115,You Are So Beautiful,Joe Cocker,1974
1116,King Kunta,Kendrick Lamar,2015
1117,Son Of A Preacher Man,Dusty Springfield,1968
1118,Vampire,Olivia Rodrigo,2023
1119,All I Want Is You (Albumversie),U2,1988
1120,I Heard It Through The Grapevine,Creedence Clearwater Revival,1973
1121,Mooi Liedje,Acda en De Munnik,1997
1122,Thinking Out Loud,Ed Sheeran,2014
1123,One More Time,Daft Punk,2000
1124,How Soon Is Now?,The Smiths,1984
1125,You're The Voice,John Farnham,1987
1126,Life's What You Make It,Talk Talk,1985
1127,Satisfyer,Roxy Dekker,2023
1128,Could You Be Loved,Bob Marley & The Wailers,1980
1129,The Times They Are A-Changin',Bob Dylan,1964
1130,Jailhouse Rock,Elvis Presley,1957
1131,Sailing To Philadelphia (Albumversie),Mark Knopfler & James Taylor,2000
1132,Dive,Olivia Dean,2023
1133,Lunch,Billie Eilish,2024
1134,Sound And Vision,David Bowie,1977
1135,Rebel Rebel,David Bowie,1974
1136,Better Man,Pearl Jam,1994
1137,To Love Somebody,Bee Gees,1967
1138,Fluorescent Adolescent,Arctic Monkeys,2007
1139,21 Guns,Green Day,2009
1140,Year Of Summer,Wildstylez ft. Niels Geusebroek,2012
1141,El Condor Pasa (If I Could),Simon & Garfunkel,1970
1142,Munich,Editors,2005
1143,My Blood,DI-RECT,2024
1144,Why Does My Heart Feel So Bad,Moby,1999
1145,Have A Little Faith,Son Mieux,2024
1146,Droomland,AndrÃ© Hazes & Paul De Leeuw,1993
1147,If You Tolerate This Your Children Will Be Next,Manic Street Preachers,1998
1148,Night Boat To Cairo,Madness,1980
1149,Black Or White,Michael Jackson,1991
1150,A Change Is Gonna Come,Sam Cooke,1964
1151,Stukje Van Mij,Meau,2024
1152,Just Like Heaven,The Cure,1987
1153,How To Save A Life,The Fray,2007
1154,Dreamer,Ozzy Osbourne,2001
1155,One Of These Days,Pink Floyd,1971
1156,All My Love,Coldplay,2024
1157,Heyah Mama,K3,2000
1158,The Gambler,Kenny Rogers,1978
1159,Sweet Disposition,The Temper Trap,2010
1160,Marian,The Cats,1969
1161,Tequila Sunrise,Eagles,1973
1162,Kristallnaach,BAP,1983
1163,Heaven Must Be Missing An Angel,Tavares,1976
1164,Oh Well (Albumversie),Fleetwood Mac,1969
1165,Bedshaped,Keane,2004
1166,Carry On Wayward Son (Albumversie),Kansas,1976
1167,Edge Of Seventeen,Stevie Nicks,1982
1168,Undisclosed Desires,Muse,2009
1169,Homecoming,Kanye West & Chris Martin,2009
1170,Pamela (Albumversie),Toto,1988
1171,Ventura Highway,America,1972
1172,Trouble,Coldplay,2000
1173,Holiday,Green Day,2005
1174,Pain,The War On Drugs,2017
1175,Dance Me To The End Of Love,Leonard Cohen,1984
1176,Simple Man,Lynyrd Skynyrd,1973
1177,Beds Are Burning,Midnight Oil,1988
1178,Ik Wou Dat Ik Jou Was,Veldhuis & Kemper,2003
1179,De Boer Dat Is De Keerl,Normaal,1982
1180,Il Volo,Zucchero,1996
1181,In The Blood,John Mayer,2017
1182,Blaosmuziek,GÃ© Reinders,1999
1183,Hedonism (Just Because You Feel Good),Skunk Anansie,1997
1184,Magic,Coldplay,2014
1185,Why Worry (Albumversie),Dire Straits,1985
1186,Adventure Of A Lifetime,Coldplay,2015
1187,Willow,Taylor Swift,2021
1188,Bend And Break,Keane,2005
1189,It's A Long Way There (Albumversie),Little River Band,1975
1190,Whatever It Takes,Imagine Dragons,2017
1191,Save Your Tears,The Weeknd,2020
1192,The Spirit Of Radio (Albumversie),Rush,1980
1193,Never Gonna Give You Up,Rick Astley,1987
1194,Bestel Mar,Rowwen HÃ¨ze,1992
1195,"You're The First, The Last, My Everything",Barry White,1974
1196,Ziggy Stardust,David Bowie,1972
1197,Down On The Corner,Creedence Clearwater Revival,1969
1198,Little Wing,Jimi Hendrix,1967
1199,Uncertain Smile (Albumversie),The The,1984
1200,Breakfast In America,Supertramp,1979
1201,Bird Of Paradise,Snowy White,1984
1202,Teach Your Children,"Crosby, Stills, Nash & Young",1970
1203,I'll Take Care Of You (Albumversie),Beth Hart & Joe Bonamassa,2011
1204,Way Down We Go,Kaleo,2016
1205,Don't Stop 'Til You Get Enough (Albumversie),Michael Jackson,1979
1206,Amerika,Rammstein,2004
1207,You've Got A Friend,Carole King,1971
1208,Ik Bun Moar Een Eenvoudige Boerenlul,Normaal,1978
1209,Hunger Strike,Temple Of The Dog,1991
1210,Road Trippin',Red Hot Chili Peppers,1999
1211,Just Can't Get Enough (Live),Depeche Mode,1985
1212,Band On The Run,Paul McCartney & Wings,1974
1213,The Dolphin's Cry,Live,1999
1214,You'll Never Walk Alone,Lee Towers,1976
1215,Our House,Madness,1982
1216,Weekend Love,Golden Earring,1979
1217,Crazy On You,Heart,1976
1218,Sgt. Pepper's Lonely Hearts Club Band,The Beatles,1967
1219,Everybody's Changing,Keane,2004
1220,Cambodia,Kim Wilde,1981
1221,Love The Way You Lie,Eminem & Rihanna,2010
1222,I Have Nothing,Whitney Houston,1993
1223,Think I'm In Love with You (Live),Chris Stapleton & Dua Lipa,2024
1224,Too Sweet,Hozier,2024
1225,Lonely Boy,The Black Keys,2011
1226,Adem Je In,S10,2021
1227,The Man Who Sold The World,David Bowie,1970
1228,Het Land Van Maas En Waal,Boudewijn de Groot,1967
1229,Niets Tussen,Froukje,2021
1230,Gimme All Your Lovin',ZZ Top,1984
1231,Lust For Life,Iggy Pop,1977
1232,No Mercy,Racoon,2011
1233,Blauwe Ruis,BLÃ˜F,2002
1234,Autobahn,Kraftwerk,1975
1235,Hijo De La Luna,Mecano,1990
1236,Hard Sun,Eddie Vedder,2007
1237,Madness,Muse,2012
1238,La Solitudine,Laura Pausini,1993
1239,Question (Albumversie),The Moody Blues,1970
1240,September Morn,Neil Diamond,1979
1241,Sweet Sounds Of Heaven (Albumversie),The Rolling Stones ft. Lady Gaga & Stevie Wonder,2023
1242,Your Love,Outfield,1986
1243,Heading Up High,Armin van Buuren ft. Kensington,2015
1244,My Silver Lining,First Aid Kit,2014
1245,Virtual Insanity (Albumversie),Jamiroquai,1996
1246,Just Give Me A Reason,P!nk ft. Nate Ruess,2012
1247,Baggy Trousers,Madness,1980
1248,Nur GetrÃ¤umt,Nena,1983
1249,In Bloom,Nirvana,1991
1250,Tie Your Mother Down (Albumversie),Queen,1976
1251,Find The River,R.E.M.,1992
1252,You Do Something To Me,Paul Weller,1995
1253,Laat Me Los,S10 & BLÃ˜F,2022
1254,Wake Me Up Before You Go-Go,Wham!,1984
1255,The A Team (Albumversie),Ed Sheeran,2011
1256,Dodenrit,Drs. P,1974
1257,Ain't Got No I Got Life (Original),Nina Simone,1968
1258,Can't Hold Us,Macklemore & Ryan Lewis ft. Ray Dalton,2012
1259,In A Gadda Da Vida (Albumversie),Iron Butterfly,1970
1260,Norwegian Wood (This Bird Has Flown),The Beatles,1965
1261,Sky And Sand,Paul Kalkbrenner,2008
1262,Hemel Valt,Typhoon,2015
1263,Love Hurts,Nazareth,1976
1264,Close To Me,The Cure,1985
1265,Ik Meen 't,AndrÃ© Hazes,1985
1266,Midnight Train To Georgia,Gladys Knight & The Pips,1973
1267,You Took The Words Right Out Of My Mouth (Hot Summer Night)(Albumversie),Meat Loaf,1979
1268,Almost Cut My Hair,"Crosby, Stills, Nash & Young",1970
1269,Heaven Knows I'm Miserable Now,The Smiths,1984
1270,If You Leave Me Now,Chicago,1976
1271,Mr. Bojangles,Robbie Williams,2001
1272,Sharp Dressed Man,ZZ Top,1985
1273,This Town,Niall Horan,2016
1274,Natural,Imagine Dragons,2018
1275,Non Non Rien n'a ChangÃ©,Les Poppys,1971
1276,Start Me Up,The Rolling Stones,1981
1277,Hopeless Wanderer,Mumford & Sons,2013
1278,Hallelujah,Lisa Lois,2009
1279,Think (Blues Brothers Version),Aretha Franklin,1980
1280,Dazed And Confused,Led Zeppelin,1969
1281,Sandstorm,Darude,2000
1282,Perhaps Love,John Denver & Placido Domingo,1981
1283,Road To Nowhere,Talking Heads,1985
1284,Miss You,The Rolling Stones,1978
1285,Riddles,Kensington,2015
1286,Geef Je Hart Niet Zomaar Weg,Racoon,2021
1287,Verdammt Ich Lieb' Dich,Matthias Reim,1990
1288,The Devil Made Me Do It,Golden Earring,1982
1289,Keep On Loving You,REO Speedwagon,1981
1290,With Arms Wide Open,Creed,2000
1291,Bagagedrager,Spinvis,2002
1292,I Still Cry,Ilse DeLange,2000
1293,Sing For The Moment,Eminem,2003
1294,Flink Zijn,Robert Long,1977
1295,Ich Bin Wie Du,Marianne Rosenberg,1976
1296,Vriendschap,Het Goede Doel,1983
1297,Walking On A Dream,Empire Of The Sun,2008
1298,Top Of The World,Carpenters,1973
1299,Nights On Broadway,Bee Gees,1975
1300,Black Magic Woman,Santana,1970
1301,Message To My Girl,Split Enz,1984
1302,Feeling Good,Nina Simone,1965
1303,De Leven,Sef,2011
1304,Quiero,Julio Iglesias,1976
1305,Get Lucky,Daft Punk ft. Pharrell Williams,2013
1306,Happy,Pharrell Williams,2013
1307,Since I've Been Loving You,Led Zeppelin,1970
1308,We Didn't Start The Fire,Billy Joel,1989
1309,Absolute Beginners,David Bowie,1986
1310,Let's Go Crazy,Prince,1984
1311,Nu Wij Niet Meer Praten,Pommelien Thijs & Jaap Reesema,2020
1312,Hier Komt De Storm,Frank Boeijen Groep,1988
1313,Une Belle Histoire / Een Mooi Verhaal,Alderliefste & Paul De Leeuw,2006
1314,Do I Ever,Kensington,2016
1315,Somebody Told Me,The Killers,2004
1316,Save A Prayer,Duran Duran,1982
1317,Traffic,TiÃ«sto,2003
1318,'t Dondert En 't Bliksemt,Guus Meeuwis,1998
1319,Pain And Misery,The Teskey Brothers,2019
1320,Back Home,Golden Earring,1970
1321,Voodoo Child (Slight Return),Jimi Hendrix,1968
1322,Need Your Love So Bad,Fleetwood Mac,1968
1323,Mad World,Michael Andrews ft. Gary Jules,2003
1324,Welcome To The DCC,Nothing But Thieves,2023
1325,One Word,Anouk,2005
1326,Now And Then,The Beatles,2023
1327,Jumpin' Jack Flash,The Rolling Stones,1968
1328,You Say,Lauren Daigle,2019
1329,Listen To The Music,Doobie Brothers,1972
1330,I Wish It Would Rain Down,Phil Collins,1990
1331,Guilty,Barbra Streisand & Barry Gibb,1980
1332,Cose Della Vita,Eros Ramazzotti & Tina Turner,1998
1333,Just Say Yes,Snow Patrol,2009
1334,Golden,Harry Styles,2020
1335,Common People,Pulp,1995
1336,So Far Away (Albumversie),Dire Straits,1985
1337,Money Money Money,ABBA,1976
1338,Het Laatste Rondje,AndrÃ© Hazes,1984
1339,Motorcycle Emptiness (Albumversie),Manic Street Preachers,1992
1340,Nergens Goed Voor,De Dijk,1989
1341,Teenage Dirtbag,Wheatus,2001
1342,Seven Wonders,Fleetwood Mac,1987
1343,I Want You,Elvis Costello,1986
1344,In A Lifetime,Clannad & Bono,1986
1345,Yesterday When I Was Young,Charles Aznavour,1970
1346,Walk On The Wild Side,Lou Reed,1973
1347,So Long Marianne,Leonard Cohen,1968
1348,It's A Sin,Pet Shop Boys,1987
1349,Pretty Fly (For A White Guy),The Offspring,1999
1350,Silence (TiÃ«sto Mix),Delerium ft. Sarah McLachlan,1997
1351,Magnificent (She Says),Elbow,2016
1352,One Moment In Time,Whitney Houston,1988
1353,Candy,Paolo Nutini,2009
1354,We Don't Need Another Hero (Thunderdome),Tina Turner,1985
1355,West End Girls,Pet Shop Boys,1986
1356,Stand By Me,Ben E. King,1987
1357,Born On The Bayou,Creedence Clearwater Revival,1972
1358,Zondag,Rob de Nijs,1980
1359,Living In Another World,Talk Talk,1986
1360,You Have Been Loved,George Michael,1997
1361,Spread Your Wings,Queen,1978
1362,High And Dry,Radiohead,1995
1363,I Want It All,Queen,1989
1364,Stranger In Moscow,Michael Jackson,1996
1365,Fly Me To The Moon,Frank Sinatra,1964
1366,APT.,RosÃ© ft. Bruno Mars,2024
1367,Sowing The Seeds Of Love,Tears For Fears,1989
1368,People Are Strange,The Doors,1967
1369,Up Around The Bend,Creedence Clearwater Revival,1970
1370,Mirrors,Justin Timberlake,2013
1371,Ashes To Ashes,David Bowie,1980
1372,Through The Echoes,Paolo Nutini,2022
1373,Blank Space (Taylor's Version),Taylor Swift,2015
1374,Forever Autumn,Jeff Wayne & Justin Hayward,1978
1375,All The Small Things,Blink-182,2000
1376,Grow Old With Me,Tom Odell,2013
1377,This Is Not America,David Bowie & Pat Metheny Group,1985
1378,Crazy,Seal,1991
1379,Calypso,John Denver,1975
1380,Eternal Flame,The Bangles,1989
1381,Zitti E Buoni,MÃ¥neskin,2021
1382,Black Velvet (Albumversie),Alannah Myles,1990
1383,Mr. Jones,Counting Crows,1994
1384,Can't Stop Loving You,Phil Collins,2002
1385,Because The Night,Patti Smith Group,1978
1386,We Come 1,Faithless,2001
1387,How You Gonna See Me Now,Alice Cooper,1979
1388,Live To Tell,Madonna,1986
1389,Afraid Of The Dark,Chef'Special,2021
1390,Raspberry Beret,Prince & The Revolution,1985
1391,Pure Morning,Placebo,1998
1392,Circles,Post Malone,2019
1393,Two Out Of Three Ain't Bad (Albumversie),Meat Loaf,1977
1394,Love Me Tender,Elvis Presley,1956
1395,Scarborough Fair,Simon & Garfunkel,1966
1396,Het Midden,Pommelien Thijs & Meau,2024
1397,Scarlet Ribbons,The Cats,1969
1398,Broken Wings,Mr. Mister,1986
1399,Hold Me,The Teskey Brothers,2019
1400,Voor Ik Vergeet,Spinvis,2002
1401,Mia,Gorki,1992
1402,Honky Tonk Women,The Rolling Stones,1969
1403,Do They Know It's Christmas,Band Aid,1984
1404,Lazarus,David Bowie,2016
1405,Denis,Blondie,1978
1406,At Seventeen,Janis Ian,1975
1407,The Promise You Made,Cock Robin,1986
1408,Times Like These,Foo Fighters,2003
1409,Glycerine,Bush,1994
1410,Locked Out Of Heaven,Bruno Mars,2012
1411,Going Home: Theme Of The Local Hero,Mark Knopfler,1983
1412,Too Much Love Will Kill You,Brian May,1992
1413,Best Song Ever,One Direction,2013
1414,The Wind Cries Mary,Jimi Hendrix,1967
1415,London Calling,The Clash,1979
1416,Run To The Water,Live,2000
1417,90s Kid,DI-RECT,2022
1418,Vlieg Met Me Mee (Live),Paul de Leeuw,1992
1419,Memory,Barbra Streisand,1982
1420,Lost Without You,Krezip,2019
1421,Have A Little Faith In Me,John Hiatt,1989
1422,Disco Inferno,The Trammps,1977
1423,Use Somebody,Kings Of Leon,2008
1424,Kan Ik Iets Voor Je Doen?,De Dijk,2011
1425,50 Ways To Leave Your Lover,Paul Simon,1976
1426,Locomotive Breath,Jethro Tull,1972
1427,Texas Hold 'Em,BeyoncÃ©,2024
1428,Club Tropicana,Wham!,1983
1429,Lessons In Love,Level 42,1986
1430,You've Got The Love,Florence + The Machine,2009
1431,I Follow Rivers,Triggerfinger,2012
1432,Walking On The Moon,The Police,1979
1433,You Don't Fool Me,Queen,1996
1434,Red Right Hand,Nick Cave & The Bad Seeds,1994
1435,No Surrender,Bruce Springsteen,1984
1436,Lovely Day,Bill Withers,1978
1437,Driver's Seat,Sniff 'n The Tears,1980
1438,Memory Remains,Metallica,1997
1439,We Pray,"Coldplay, Little Simz, Burna Boy, Elyanna, TINI",2024
1440,Fortnight,Taylor Swift ft. Post Malone,2024
1441,7 Years,Lukas Graham,2015
1442,Jan Klaassen De Trompetter,Rob de Nijs,1973
1443,Every Teardrop Is A Waterfall,Coldplay,2011
1444,No Good (Start The Dance),The Prodigy,1994
1445,Bad Liar,Imagine Dragons,2018
1446,Jesus Of Suburbia,Green Day,2004
1447,Het Is Koud Zonder Jou,AndrÃ© Hazes,1980
1448,By The Way,Red Hot Chili Peppers,2002
1449,Take This Waltz,Leonard Cohen,1988
1450,Alles Is Liefde,BLÃ˜F,2007
1451,If You Don't Know Me By Now,Simply Red,1989
1452,Houdini,Eminem,2024
1453,Vrij Zijn,Marco Borsato,1995
1454,Everybody Needs Somebody To Love,The Blues Brothers,1989
1455,Lovesong,The Cure,1989
1456,'n Vriend,AndrÃ© Hazes,1980
1457,Hey Girl,Gruppo Sportivo,1978
1458,You Make Lovin' Fun,Fleetwood Mac,1978
1459,Don't Leave Me This Way,The Communards & Sarah Jane Morris,1986
1460,Beautiful People,Melanie,1969
1461,The One I Love,R.E.M.,1987
1462,Here Without You,3 Doors Down,2004
1463,My Heart Will Go On,CÃ©line Dion,1998
1464,Vogue,Madonna,1990
1465,Shut Your Eyes,Snow Patrol,2007
1466,Johnny B. Goode,Chuck Berry,1958
1467,Chasing Pavements,Adele,2008
1468,Heart Of Glass,Blondie,1979
1469,Why'd You Only Call Me When You're High?,Arctic Monkeys,2013
1470,Save Me,Queen,1980
1471,L.A. Song (Albumversie),Beth Hart,1999
1472,Proud Mary,Creedence Clearwater Revival,1969
1473,Alie,Normaal,1977
1474,Nutbush City Limits,Ike & Tina Turner,1974
1475,Suzanne,Herman van Veen,1969
1476,Cry Baby,Janis Joplin,1971
1477,Gypsy,Fleetwood Mac,1982
1478,Dans Je De Hele Nacht Met Mij,De Sjonnies,1995
1479,Big Log,Robert Plant,1983
1480,Babooshka,Kate Bush,1980
1481,Streets Of London,Ralph McTell,1972
1482,De Weg,Guus Meeuwis,2005
1483,Voltooid Verleden Tijd,Is Ook Schitterend,1997
1484,Vas-y (Ga Maar),Suzan & Freek & Claude,2023
1485,Frozen,Madonna,1998
1486,Where The Heart Is,Haevn,2016
1487,Talkin' Bout A Revolution,Tracy Chapman,1988
1488,Farewell To The Fairground,White Lies,2009
1489,Cold,Chris Stapleton,2020
1490,Long As I Can See The Light,Creedence Clearwater Revival,1970
1491,I Started A Joke,Bee Gees,1969
1492,Home By The Sea,Genesis,1983
1493,The Next Episode,Dr. Dre ft. Snoop Dogg,2000
1494,Kingston Town,UB40,1990
1495,Homeward Bound,Simon & Garfunkel,1966
1496,Lonesome Rider,Volbeat ft. Sarah Blackwood,2013
1497,Tankstation,Hiigo,2023
1498,Spicks And Specks,Bee Gees,1967
1499,Give It Away,Red Hot Chili Peppers,1992
1500,Boogie Wonderland,"Earth, Wind & Fire & The Emotions",1979
1501,Summer Night City,ABBA,1978
1502,My Sweet Lord,George Harrison,1970
1503,Born To Be Wild,Steppenwolf,1968
1504,Hymn For The Weekend,Coldplay,2015
1505,The Living Years,Mike & The Mechanics,1989
1506,Don't Bring Me Down,Electric Light Orchestra,1979
1507,Pyro,Kings Of Leon,2010
1508,Secret Garden,Bruce Springsteen,1995
1509,Cowboy Like Me,Taylor Swift,2020
1510,As,George Michael & Mary J. Blige,1999
1511,I Can't Sleep Without You (Naked),Golden Earring,1992
1512,Royals,Lorde,2013
1513,Honderd Keer,Suzan & Freek,2022
1514,Calm After The Storm,The Common Linnets,2014
1515,Hurt,Christina Aguilera,2006
1516,Me Gustas Tu,Manu Chao,2001
1517,So Lonely,The Police,1979
1518,Slapeloosheid,Suzan & Freek,2023
1519,I Am The Walrus,The Beatles,1967
1520,We Are The People,Empire Of The Sun,2008
1521,Unchain My Heart,Joe Cocker,1987
1522,Fireflies,Owl City,2009
1523,Time After Time,Cyndi Lauper,1984
1524,Free Fallin',Tom Petty,1989
1525,Unstoppable,Sia,2016
1526,Kwijt,Suzan & Freek,2022
1527,Free Fallin' (Live),John Mayer,2008
1528,Whisky In The Jar,Thin Lizzy,1973
1529,The First Time Ever I Saw Your Face,Roberta Flack,1972
1530,Schijn 'n Lichtje Op Mij,Drukwerk,1982
1531,Pressure Makes Diamonds (2020),Danny Vera,2020
1532,Surfin' U.S.A.,The Beach Boys,1963
1533,Take Five,Dave Brubeck Quartet,1962
1534,Don't You Want Me,The Human League,1982
1535,Weg Van Jou,Suzan & Freek,2020
1536,Anne,Herman van Veen,1986
1537,Killing Me Softly,Fugees,1996
1538,Make It Wit Chu,Queens Of The Stone Age,2008
1539,What A Fool Believes,Doobie Brothers,1978
1540,I Won't Let You Down,Ph.D.,1981
1541,'T Roeie Klied,Rowwen HÃ¨ze,1995
1542,Drive,R.E.M.,1992
1543,"He Ain't Heavy, He's My Brother",The Hollies,1969
1544,Shut Up And Dance,Walk The Moon,2014
1545,Atlas,Pommelien Thijs,2025
1546,Little Talks,Of Monsters And Men,2012
1547,Come Take My Hand,2 Brothers On The 4th Floor,1995
1548,Something Just Like This,The Chainsmokers & Coldplay,2017
1549,House For Sale,Lucifer,1975
1550,In These Arms,Bon Jovi,1993
1551,Sir Duke,Stevie Wonder,1977
1552,Skandal Im Sperrbezirk,Spider Murphy Gang,1982
1553,Epic,Faith No More,1990
1554,White Flag,Dido,2003
1555,Let Love Rule,Lenny Kravitz,1989
1556,Believe,Cher,1998
1557,Laat Het Vanavond Gebeuren,De Dijk,1997
1558,All Night Long (All Night),Lionel Richie,1983
1559,Roadhouse Blues,The Doors,1970
1560,Pride And Joy,Stevie Ray Vaughan,1983
1561,Als Je Wint,Herman Brood & Henny Vrienten,1984
1562,Dear Mama,2Pac,1998
1563,Like Toy Soldiers,Eminem,2005
1564,Waiting On A Friend,The Rolling Stones,1981
1565,Calling Elvis,Dire Straits,1991
1566,Kwijt,Froukje,2024
1567,Breathe,The Prodigy,1996
1568,Hart Van Mijn Gevoel,De Kast,1999
1569,Never Alone,2 Brothers On The 4th Floor,1993
1570,Houdini,Dua Lipa,2023
1571,For Crying Out Loud (Albumversie),Meat Loaf,1978
1572,If You Could See Me Now,The Script,2013
1573,Walking In Memphis,Marc Cohn,1991
1574,Pinball Wizard,The Who,1969
1575,The Thrill Is Gone,B.B. King,1969
1576,The Monster,Eminem & Rihanna,2013
1577,The Way It Is,Bruce Hornsby & The Range,1986
1578,Candy,Iggy Pop & Kate Pierson,1990
1579,Wanted (Dead Or Alive),Bon Jovi,1987
1580,About A Girl (Unplugged),Nirvana,1993
1581,Good 4 U,Olivia Rodrigo,2021
1582,Mercedes Benz,Janis Joplin,1970
1583,All I Want,Kodaline,2012
1584,Maneater,Daryl Hall & John Oates,1982
1585,Love Is A Battlefield,Pat Benatar,1984
1586,The Drugs Don't Work,The Verve,1997
1587,Rock With You,Michael Jackson,1979
1588,Daughter,Pearl Jam,1993
1589,Memories,Earth & Fire,1972
1590,Kiwi,Harry Styles,2017
1591,Ride,Twenty One Pilots,2016
1592,Hold On To Let Go,Danny Vera,2020
1593,When I Was Your Man,Bruno Mars,2013
1594,Be The One,Dua Lipa,2016
1595,Geen Kind Meer,Karin Bloemen,1996
1596,Tom Traubert's Blues (Waltzing Mathilda),Tom Waits,1976
1597,Somebody Will Know Someday,Cuby & The Blizzards,1967
1598,Wij Zullen Doorgaan,Ramses Shaffy,1975
1599,Tell Him,CÃ©line Dion & Barbra Streisand,1997
1600,The Fool On The Hill,The Beatles,1967
1601,Coney Island,Taylor Swift ft. The National,2020
1602,Everybody (Backstreet's Back),Backstreet Boys,1997
1603,All You Need Is Love,The Beatles,1967
1604,Weather With You,Crowded House,1991
1605,Kold Bloed,BÃ¶kkers,2019
1606,Remedy,The Black Crowes,1992
1607,Weekend,Earth & Fire,1979
1608,Hello,Lionel Richie,1984
1609,Should I Stay Or Should I Go,The Clash,1982
1610,Home Of The Brave,Toto,1988
1611,Mull Of Kintyre,Paul McCartney & Wings,1977
1612,Ladada (Mon Dernier Mot),Claude,2022
1613,Fat Bottomed Girls (Albumversie),Queen,1978
1614,Grace,Jeff Buckley,1994
1615,Dakota,Stereophonics,2005
1616,..In Paris,Kanye West & Jay-Z,2011
1617,Sledgehammer (Albumversie),Peter Gabriel,1986
1618,Wonderful Life,Black,1987
1619,More Than Words,Extreme,1991
1620,N'Oubliez Jamais,Joe Cocker,1997
1621,Sunrise,Norah Jones,2004
1622,Dichterbij Dan Ooit,BLÃ˜F,2001
1623,Bad,Michael Jackson,1987
1624,Home Again,Michael Kiwanuka,2012
1625,Roundabout (Albumversie),Yes,1972
1626,So Incredible,Ilse DeLange,2008
1627,Supermarket Flowers,Ed Sheeran,2017
1628,Max,Paolo Conte,1988
1629,Hall Of Fame,The Script ft. Will.I.Am,2012
1630,Cecilia,Simon & Garfunkel,1970
1631,Onderweg Naar Later,Suzan & Freek,2021
1632,You Win Again,Bee Gees,1987
1633,Long Cool Woman (In A Black Dress),The Hollies,1971
1634,Maybe Tomorrow,Stereophonics,2003
1635,Head Over Heels,Tears For Fears,1985
1636,School's Out,Alice Cooper,1972
1637,I Just Died In Your Arms Tonight,Cutting Crew,1986
1638,Raise Your Glass,P!nk,2010
1639,Turning Tables,Adele,2011
1640,The Boys Are Back In Town,Thin Lizzy,1976
1641,Never Going Back Again,Fleetwood Mac,1977
1642,All In Vain,DI-RECT,2014
1643,Biko (Albumversie),Peter Gabriel,1980
1644,Luka,Suzanne Vega,1987
1645,Karma,Taylor Swift,2023
1646,Songbird,Eva Cassidy,1997
1647,Fame,David Bowie,1975
1648,Cleanin' Out My Closet,Eminem,2002
1649,Can You Feel The Love Tonight,Elton John,1994
1650,Pak Maar Mijn Hand,Nick & Simon,2007
1651,Ob-La-Di Ob-La-Da,The Beatles,1969
1652,Bullet With Butterfly Wings,Smashing Pumpkins,1995
1653,ReÃ¼nie,Snelle,2019
1654,White Horse,Chris Stapleton,2023
1655,Hide In Your Shell,Supertramp,1974
1656,Flappie,Youp van 't Hek,1981
1657,Nine Million Bicycles,Katie Melua,2005
1658,This Charming Man,The Smiths,1983
1659,Aanzoek Zonder Ringen,BLÃ˜F,2006
1660,Sure Know Something,KISS,1979
1661,Dirty Old Town,The Pogues,1985
1662,The Reflex,Duran Duran,1984
1663,Born With A Broken Heart,Damiano David,2024
1664,Green Green Grass Of Home,Tom Jones,1966
1665,Don't Answer Me,The Alan Parsons Project,1984
1666,Little Green Bag,George Baker Selection,1969
1667,An American Trilogy (Live),Elvis Presley,1972
1668,Nickel For Goodbye,Racoon,2023
1669,Twist In My Sobriety,Tanita Tikaram,1988
1670,Ik Wil Alleen Maar Zwemmen,Spinvis,2006
1671,You Could Be Mine,Guns N' Roses,1991
1672,Stuck In The Middle With You,Stealers Wheel,1973
1673,Met De Vlam In De Pijp,Henk Wijngaard,1978
1674,Heaven Can Wait,Meat Loaf,1979
1675,San Quentin (Live),Johnny Cash,1969
1676,The Wild Rover (Live),The Dubliners,1964
1677,Sunrise,Simply Red,2003
1678,Domino,Clouseau,1990
1679,I Had Some Help,Post Malone ft. Morgan Wallen,2024
1680,New York State Of Mind,Billy Joel,1976
1681,One More Try,George Michael,1988
1682,Greatest Love Of All,Whitney Houston,1986
1683,I Knew You Were Waiting (For Me),George Michael & Aretha Franklin,1987
1684,Purple Haze,Jimi Hendrix,1967
1685,Everytime I Think Of You,The Babys,1979
1686,Keep Your Head Up,Ben Howard,2011
1687,Nescio,Nits,1983
1688,Gute Nacht Freunde,Reinhard Mey,1974
1689,Peter Gunn Theme,"Emerson, Lake & Palmer",1980
1690,The Air That I Breathe,The Hollies,1974
1691,Wouldn't It Be Nice,The Beach Boys,1966
1692,Enola Gay,Orchestral Manoeuvres In The Dark,1980
1693,We All Stand Together,Paul McCartney & Frog Chorus,1985
1694,One Love / People Get Ready,Bob Marley & The Wailers,1984
1695,Born To Be Alive,Patrick Hernandez,1979
1696,Hunting High And Low,A-ha,1986
1697,I Wish,Stevie Wonder,1977
1698,I'd Rather Go Blind,Etta James,1967
1699,Kalverliefde,Robert Long,1974
1700,Dancing In The Street,David Bowie & Mick Jagger,1985
1701,Won't Get Fooled Again (Albumversie),The Who,1971
1702,Riptide,Vance Joy,2014
1703,Off The Wall,Michael Jackson,1979
1704,Golden Years (Albumversie),David Bowie,1976
1705,Open Your Eyes,Guano Apes,1997
1706,I'll Be Over You,Toto,1986
1707,Blackstar,David Bowie,2015
1708,Hey Ya!,Outkast,2004
1709,Appleknockers Flophouse,Cuby & the Blizzards,1969
1710,Een Meisje Van 16,Boudewijn de Groot,1965
1711,Girls Just Want To Have Fun,Cyndi Lauper,1984
1712,Rockin' All Over The World,Status Quo,1977
1713,Everything Now,Arcade Fire,2017
1714,Lost On You,LP,2016
1715,Radio,Lana Del Rey,2011
1716,Fairground,Simply Red,1995
1717,Love Is A Losing Game,Amy Winehouse,2007
1718,Burning Heart,Vandenberg,1983
1719,Tuesday Afternoon,The Moody Blues,1968
1720,I Heard It Through The Grapevine,Marvin Gaye,1969
1721,Watermelon Sugar,Harry Styles,2020
1722,Cold As Ice,Foreigner,1977
1723,Tous Les MÃªmes,Stromae,2013
1724,Made In Heaven,Queen,1991
1725,Counting Stars,OneRepublic,2013
1726,On Top Of The World,Imagine Dragons,2013
1727,Angel Eyes,ABBA,1979
1728,Close To The Edge (Albumversie),Yes,1972
1729,In Your Eyes (Albumversie),Peter Gabriel,1986
1730,Jump Around,House Of Pain,1992
1731,WÃªr Bisto,Twarres,2000
1732,Return To Sender,Elvis Presley,1962
1733,Euphoria,Loreen,2012
1734,Kiss,Prince & The Revolution,1986
1735,Hungry Heart,Bruce Springsteen,1980
1736,An End Has A Start,Editors,2007
1737,In Dreams,Roy Orbison,1963
1738,Starboy,The Weeknd ft. Daft Punk,2016
1739,Nightporter,Japan,1980
1740,Tumble And Fall,Johan,2001
1741,You Can't Hurry Love,Phil Collins,1982
1742,Dreams,2 Brothers On The 4th Floor,1994
1743,Je Loog Tegen Mij,Drukwerk,1981
1744,Give Up Your Guns,The Buoys,1972
1745,Come Undone,Robbie Williams,2003
1746,Treat People With Kindness,Harry Styles,2021
1747,Twist And Shout,The Beatles,1963
1748,Learning To Fly,Tom Petty & The Heartbreakers,1991
1749,Rapper's Delight,Sugarhill Gang,1979
1750,The Unforgiven III,Metallica,2008
1751,Isn't She Lovely,Stevie Wonder,1976
1752,Grenade,Bruno Mars,2010
1753,Make Me Smile (Come Up And See Me),Steve Harley & Cockney Rebel,1975
1754,Pink + White,Frank Ocean,2016
1755,I Don't Live Here Anymore,The War On Drugs ft. Lucius,2021
1756,As,Stevie Wonder,1976
1757,Brown Sugar,The Rolling Stones,1971
1758,Annabel,Hans de Booij,1983
1759,Help!,The Beatles,1965
1760,Shiny Happy People,R.E.M.,1991
1761,Sammy,Ramses Shaffy,1966
1762,I Can't Make You Love Me,George Michael,1997
1763,Big Love,Fleetwood Mac,1987
1764,Fast Car,Luke Combs,2023
1765,Casser La Voix (Live),Patrick Bruel,1992
1766,Ms. Jackson,OutKast,2001
1767,Blue Hotel,Chris Isaak,1987
1768,Don't Stand So Close To Me,The Police,1980
1769,Uit M'n Bol,AndrÃ© Hazes,1993
1770,Bloodbuzz Ohio,The National,2010
1771,Into The Mystic,Van Morrison,1970
1772,Love On The Rocks,Neil Diamond,1980
1773,Take It To The Limit,Eagles,1975
1774,Always On My Mind,Willie Nelson,1984
1775,Little Red Rooster,The Rolling Stones,1965
1776,Fight For Your Right (To Party),Beastie Boys,1986
1777,Nooit Meer Regen,Suzan & Freek,2023
1778,Sound Of The Screaming Day,Golden Earrings,1967
1779,Don't Go Breaking My Heart,Elton John & Kiki Dee,1976
1780,Goodbye My Lover,James Blunt,2005
1781,Ik Heb Je Lief,Stef Bos,1992
1782,Stay,Rihanna ft. Mikky Ekko,2013
1783,Panama,Van Halen,1984
1784,We Are The World,U.S.A. For Africa,1985
1785,Animals,Martin Garrix,2013
1786,Shoes Of Lightning,Racoon,2013
1787,Als De Morgen Is Gekomen,Jan Smit,2006
1788,Dear Mr. President,P!nk,2006
1789,Josephine,Chris Rea,1985
1790,Later Als Ik Groter Ben,BLÃ˜F,2012
1791,Sharks,Imagine Dragons,2022
1792,Racing In The Street,Bruce Springsteen,1975
1793,Addicted To You,Avicii,2014
1794,Wish You The Best,Lewis Capaldi,2023
1795,It's Raining Men,Weather Girls,1983
1796,Mijn Vlakke Land,Jacques Brel,1965
1797,Diane,Therapy?,1995
1798,Just The Way You Are,Bruno Mars,2010
1799,7 Seconds,Youssou N'Dour & Neneh Cherry,1994
1800,Mad World,Tears For Fears,1983
1801,Talk,Coldplay,2005
1802,All For Nothing,Kensington,2014
1803,(I've Had) The Time Of My Life,Bill Medley & Jennifer Warnes,1987
1804,Automatisch,Flemming,2022
1805,Out Of Space,The Prodigy,1993
1806,Theme From 'Harry's Game',Clannad,1983
1807,Praise You,Fatboy Slim,1998
1808,Green Eyes,Coldplay,2002
1809,Mijn Feyenoord,Lee Towers,1998
1810,Cold Heart (Pnau Remix),Elton John & Dua Lipa,2021
1811,The Devil's Son,Danny Vera,2013
1812,Love Is All,Roger Glover & Guests,1975
1813,It Must Have Been Love,Roxette,1990
1814,It's A Beautiful Day,Queen,1995
1815,Red Mij Niet,Maarten van Roozendaal,2001
1816,Grace Kelly,Mika,2007
1817,Just The Two Of Us,"Bill Withers & Grover Washington, Jr.",1981
1818,Stir It Up (Live),Bob Marley & The Wailers,1979
1819,Happiness,Jonathan Jeremiah,2011
1820,The Wild Places,Duncan Browne,1979
1821,I Can't Make You Love Me,Bonnie Raitt,1991
1822,Heathens,Twenty One Pilots,2016
1823,For Bitter Or Worse,Anouk,2009
1824,Bobby Jean,Bruce Springsteen,1984
1825,Beautiful Goodbye,Amanda Marshall,1996
1826,No Ordinary Love,Sade,1992
1827,La Vie Est Belle,Diggy Dex & Vali,2018
1828,Is This Love,Whitesnake,1987
1829,Golden,HUNTR/X,2025
1830,Father & Friend,Alain Clark,2008
1831,Als De Zon Schijnt,AndrÃ© van Duin,1983
1832,Don't Think Twice It's All Right,Bob Dylan,1963
1833,Something In The Way,Nirvana,1991
1834,Mmm Mmm Mmm Mmm,Crash Test Dummies,1993
1835,Girl,Anouk,2004
1836,La Isla Bonita,Madonna,1987
1837,Als Ik Je Weer Zie,"Thomas Acda, Paul de Munnik, Maan & Typhoon",2021
1838,Enemy,Imagine Dragons,2021
1839,Ordinary Love,U2,2013
1840,My Baby Just Cares For Me,Nina Simone,1987
1841,Rumour Has It,Adele,2011
1842,I Sat By The Ocean,Queens Of The Stone Age,2013
1843,Murder On The Dancefloor,Sophie Ellis Bextor,2002
1844,Right Next Door (Because Of Me),Robert Cray Band,1987
1845,Speed Of Light,Chef'Special,2023
1846,Bad Habits,Ed Sheeran,2021
1847,Miracle,Ilse DeLange,2009
1848,Hollereer,De Jeugd Van Tegenwoordig,2008
1849,Live And Let Die,Guns N' Roses,1991
1850,Ben Ik Te Min,Armand,1967
1851,It's A Long Way To The Top (If You Wanna Rock 'N Roll),AC/DC,1976
1852,Best Of You,Foo Fighters,2005
1853,Take Me Home,Phil Collins,1985
1854,When You Say Nothing At All,Ronan Keating,1999
1855,OxygÃ¨ne Pt. 4,Jean Michel Jarre,1977
1856,25 Or 6 To 4,Chicago,1970
1857,Torn,Natalie Imbruglia,1997
1858,Red (Taylor's Version),Taylor Swift,2021
1859,Kissing A Fool,George Michael,1988
1860,Under My Thumb,The Rolling Stones,1966
1861,Lost,Frank Ocean,2012
1862,My Universe,Coldplay x BTS,2021
1863,Livin' Thing,Electric Light Orchestra,1976
1864,Times Were When,The Cats,1968
1865,Dancing With Tears In My Eyes,Ultravox,1984
1866,Black Dog,Led Zeppelin,1971
1867,OMG It's Happening,DI-RECT,2023
1868,Winter In Hamburg,Frank Boeijen Groep,1987
1869,The Racing Rats,Editors,2008
1870,Burning Down,Alex Warren,2024
1871,Don't You Worry Child,Swedish House Mafia ft. John Martin,2012
1872,The Subway,Chappell Roan,2025
1873,Long Train Runnin',Doobie Brothers,1973
1874,Rasputin,Boney M.,1978
1875,Tijd Genoeg,Doe Maar,1982
1876,Maggie May,Rod Stewart,1971
1877,Changes,David Bowie,1971
1878,Here You Come Again,Dolly Parton,1978
1879,Heaven,Niall Horan,2023
1880,I've Just Lost Somebody,Golden Earrings,1968
1881,Mr. Blue,RenÃ© Klijn,1993
1882,Invisible Touch,Genesis,1986
1883,New York Minute,Don Henley,1989
1884,Dare,Gorillaz,2005
1885,Promises Of No Man's Land,Blaudzun,2014
1886,Dans M'n Ogen Dicht,Meau ft. Racoon,2022
1887,I Would Die 4 U,Prince & The Revolution,1984
1888,Higher Power,Coldplay,2021
1889,Faded,Alan Walker,2016
1890,It's The End Of The World As We Know It,R.E.M.,1987
1891,Verleden Tijd,Suzan & Freek,2024
1892,Even Aan M'n Moeder Vragen,Bloem,1980
1893,Hard To Say Goodbye,RondÃ©,2021
1894,Can't Stop The Feeling!,Justin Timberlake,2016
1895,Prikkebeen,Boudewijn de Groot & Elly Nieman,1968
1896,Summertime,Brainbox,1969
1897,Fire,Floor Jansen,2022
1898,Blijven Slapen,Snelle & Maan,2021
1899,In My Place,Coldplay,2002
1900,Fire And Rain,James Taylor,1970
1901,Overture (Tommy),The Who,1969
1902,Hier,BLÃ˜F,2000
1903,Mary Jane's Last Dance,Tom Petty & The Heartbreakers,1993
1904,You're Still The One,Shania Twain,1998
1905,The Name Of The Game (Albumversie),ABBA,1977
1906,Als Je Bij Me Weggaat,Acda en De Munnik,1997
1907,Black Night,Deep Purple,1970
1908,Food For Thought,UB40,1983
1909,Feeling Good,Michael BublÃ©,2005
1910,Human Touch,Bruce Springsteen,1992
1911,Sailing,Christopher Cross,1981
1912,Sausolito Summernight,Diesel,1980
1913,I Need My Girl,The National,2013
1914,As Tears Go By,The Rolling Stones,1966
1915,24K Magic,Bruno Mars,2016
1916,Detroit Rock City,KISS,1976
1917,Mensch,Herbert GrÃ¶nemeyer,2003
1918,Met Hart en Ziel,TrÃ¶ckener Kecks,1990
1919,Hypnotize,Notorious B.I.G.,1997
1920,The Way We Were,Barbra Streisand,1973
1921,Do It Again,Steely Dan,1972
1922,Bicycle Race,Queen,1978
1923,Catch The Rainbow,Rainbow,1975
1924,Around The World,Daft Punk,1997
1925,Vondelpark Vannacht,Acda en De Munnik,1997
1926,Two Tribes,Frankie Goes To Hollywood,1984
1927,Eloise,Barry Ryan,1968
1928,Pumped Up Kicks,Foster The People,2011
1929,Bombtrack,Rage Against The Machine,1994
1930,One Vision,Queen,1985
1931,She's The One,Robbie Williams,1999
1932,feelslikeimfallinginlove,Coldplay,2024
1933,Meer Dan Een Ander,Van Dik Hout,1994
1934,Thank U,Alanis Morissette,1998
1935,Shivers,Ed Sheeran,2021
1936,Blah Blah Blah,Armin van Buuren,2018
1937,Gold On The Ceiling,The Black Keys,2011
1938,Memories,Within Temptation,2004
1939,(They Long To Be) Close To You,Carpenters,1970
1940,Are You Gonna Go My Way?,Lenny Kravitz,1993
1941,This Is The Last Time,Keane,2005
1942,Ain't Nobody,Rufus & Chaka Khan,1984
1943,Is It A Crime,Sade,1985
1944,Waterloo Sunset,The Kinks,1967
1945,No Limit,2 Unlimited,1993
1946,Moondance,Van Morrison,1970
1947,Last Dance,Donna Summer,1978
1948,Famous Blue Raincoat,Leonard Cohen,1971
1949,It's Raining Again,Supertramp,1982
1950,Bones,Imagine Dragons,2022
1951,The Saints Are Coming,U2 & Green Day,2006
1952,Nathalie,Gilbert BÃ©caud,1964
1953,The Look,Roxette,1989
1954,Vluchten Kan Niet Meer,Jenny Arean & Frans Halsema,1977
1955,Heavy Cross,Gossip,2009
1956,Snap Out Of It,Arctic Monkeys,2013
1957,The Prophet's Song,Queen,1975
1958,Good Old-Fashioned Lover Boy,Queen,1976
1959,Before You Leave Me,Alex Warren,2024
1960,Damn Those Eyes,Kane,1999
1961,You Should Be Dancing,Bee Gees,1976
1962,Show Me Love,Robin S,1992
1963,Late Night Talking,Harry Styles,2022
1964,What's Love Got To Do With It,Tina Turner,1984
1965,You Need To Calm Down,Taylor Swift,2019
1966,(Something Inside) So Strong,Labi Siffre,1987
1967,A Thing Called Love,Johnny Cash,1972
1968,Dance With Somebody,Mando Diao,2009
1969,You've Got A Friend,James Taylor,1971
1970,Why Can't This Be Love,Van Halen,1987
1971,Bridges,Kensington,2017
1972,Don't Look Back,Boston,1978
1973,Pink Pony Club,Chappell Roan,2023
1974,Blijf Bij Mij,AndrÃ© Hazes & Gerard Joling,2007
1975,"Tonight, Tonight",Smashing Pumpkins,1995
1976,Toveren,Herman van Veen,1987
1977,Moon Over Bourbon Street,Sting,1985
1978,La Vie En Rose,Grace Jones,1977
1979,Blitzkrieg Bop,Ramones,1976
1980,Moth To A Flame,Swedish House Mafia ft. The Weeknd,2021
1981,Always On The Run,Lenny Kravitz,1991
1982,Walk This Way,Run DMC ft. Aerosmith,1986
1983,Le Freak,Chic,1978
1984,All My Life,Foo Fighters,2002
1985,Relax,Frankie Goes To Hollywood,1984
1986,Blue Suede Shoes,Elvis Presley,1956
1987,Cocaine,Eric Clapton,1978
1988,Johnny Make Believe,Golden Earring,1994
1989,Touch Me,The Doors,1969
1990,The Cross,Prince,1987
1991,No Surrender,Kane,2009
1992,Lover Of The Light,Mumford & Sons,2012
1993,Speed Of Sound,Coldplay,2005
1994,San Francisco (Be Sure To Wear Flowers In Your Hair),Scott McKenzie,1967
1995,Fox On The Run,Sweet,1975
1996,Snowman,Sia,2018
1997,Once Upon A Time In The West,Dire Straits,1979
1998,Wat Wil Je Van Mij,Metejoor & Hannah Mae,2022
1999,Telephone,Lady Gaga ft. BeyoncÃ©,2009
2000,Run Like Hell,Pink Floyd,1979
